id,date,taskorder,tasknumber,taskordernumber,geomtasktime,metatasktime,totaltime,correctgeom,correctmetadata,total_correct_elements,correct_buildings_geom,correct_buildings_meta,participant,task,participant_age,task_id
331,2017-05-03 17:13:36.752400+00:00,"[4, 1, 2, 3]",3,3,167,61,228,4,4,8,"[15, 16, 17, 19]","[17, 18, 19, 20]","id: 313, experienced: False, age: -25","id: 3, title: Building geometry and metadata",-25,3
329,2017-05-03 17:04:30.532611+00:00,"[4, 1, 2, 3]",1,1,113,159,272,5,4,9,"[9, 10, 11, 12, 14]","[10, 11, 12, 13]","id: 313, experienced: False, age: -25","id: 1, title: Building geometry and metadata",-25,1
330,2017-05-03 17:09:21.335853+00:00,"[4, 1, 2, 3]",2,2,171,79,250,5,4,9,"[2, 3, 4, 5, 6]","[1, 2, 4, 5]","id: 313, experienced: False, age: -25","id: 2, title: Building geometry and metadata",-25,2
757,2017-05-08 08:42:13.747225+00:00,"[4, 3, 1, 2]",3,1,88,46,134,6,4,10,"[15, 16, 17, 18, 19, 20]","[16, 18, 19, 20]","id: 579, experienced: False, age: 19","id: 3, title: Building geometry and metadata",19,3
759,2017-05-08 08:47:02.641157+00:00,"[4, 3, 1, 2]",2,3,60,38,98,6,5,11,"[9, 10, 11, 12, 13, 14]","[9, 10, 12, 13, 14]","id: 579, experienced: False, age: 19","id: 2, title: Building geometry and metadata",19,2
761,2017-05-08 08:57:42.705578+00:00,"[4, 1, 3, 2]",2,3,404,51,455,6,4,10,"[15, 16, 17, 18, 19, 20]","[15, 16, 18, 19]","id: 578, experienced: False, age: 19","id: 2, title: Building geometry and metadata",19,2
760,2017-05-08 08:48:55.928973+00:00,"[4, 1, 3, 2]",3,2,199,330,529,6,4,10,"[1, 2, 3, 4, 5, 6]","[1, 2, 4, 6]","id: 578, experienced: False, age: 19","id: 3, title: Building geometry and metadata",19,3
756,2017-05-08 08:39:42.082316+00:00,"[4, 1, 3, 2]",1,1,204,154,358,5,6,11,"[9, 10, 11, 12, 13]","[9, 10, 11, 12, 13, 14]","id: 578, experienced: False, age: 19","id: 1, title: Building geometry and metadata",19,1
758,2017-05-08 08:45:06.175651+00:00,"[4, 3, 1, 2]",1,2,73,64,137,6,4,10,"[1, 2, 3, 4, 5, 6]","[1, 3, 4, 5]","id: 579, experienced: False, age: 19","id: 1, title: Building geometry and metadata",19,1
696,2017-05-06 13:37:46.355279+00:00,"[4, 3, 1, 2]",2,3,88,163,251,5,5,10,"[15, 16, 17, 19, 20]","[15, 16, 17, 19, 20]","id: 551, experienced: False, age: 20","id: 2, title: Building geometry and metadata",20,2
694,2017-05-06 13:27:55.017042+00:00,"[4, 3, 1, 2]",3,1,156,209,365,4,5,9,"[10, 11, 12, 14]","[9, 10, 12, 13, 14]","id: 551, experienced: False, age: 20","id: 3, title: Building geometry and metadata",20,3
695,2017-05-06 13:32:59.957113+00:00,"[4, 3, 1, 2]",1,2,116,137,253,6,6,12,"[1, 2, 3, 4, 5, 6]","[1, 2, 3, 4, 5, 6]","id: 551, experienced: False, age: 20","id: 1, title: Building geometry and metadata",20,1
767,2017-05-08 10:14:23.537741+00:00,"[4, 2, 1, 3]",2,1,90,95,185,4,5,9,"[15, 16, 17, 19]","[15, 16, 17, 18, 19]","id: 586, experienced: False, age: 20","id: 2, title: Building geometry and metadata",20,2
768,2017-05-08 10:16:53.010693+00:00,"[4, 2, 1, 3]",1,2,60,55,115,4,4,8,"[10, 11, 12, 14]","[9, 12, 13, 14]","id: 586, experienced: False, age: 20","id: 1, title: Building geometry and metadata",20,1
470,2017-05-04 12:55:14.913096+00:00,"[4, 2, 1, 3]",1,2,103,51,154,6,5,11,"[1, 2, 3, 4, 5, 6]","[2, 3, 4, 5, 6]","id: 430, experienced: False, age: 20","id: 1, title: Building geometry and metadata",20,1
769,2017-05-08 10:18:52.063633+00:00,"[4, 2, 1, 3]",3,3,73,32,105,5,5,10,"[2, 3, 4, 5, 6]","[1, 2, 3, 5, 6]","id: 586, experienced: False, age: 20","id: 3, title: Building geometry and metadata",20,3
631,2017-05-05 13:10:18.039687+00:00,"[4, 3, 1, 2]",2,3,101,32,133,5,5,10,"[15, 16, 17, 19, 20]","[15, 17, 18, 19, 20]","id: 515, experienced: False, age: 20","id: 2, title: Building geometry and metadata",20,2
629,2017-05-05 13:04:10.362257+00:00,"[4, 3, 1, 2]",3,1,128,71,199,6,5,11,"[1, 2, 3, 4, 5, 6]","[1, 2, 3, 4, 5]","id: 515, experienced: False, age: 20","id: 3, title: Building geometry and metadata",20,3
472,2017-05-04 12:59:25.252009+00:00,"[4, 2, 1, 3]",3,3,94,60,154,5,5,10,"[9, 10, 11, 12, 14]","[9, 10, 12, 13, 14]","id: 430, experienced: False, age: 20","id: 3, title: Building geometry and metadata",20,3
630,2017-05-05 13:07:24.566048+00:00,"[4, 3, 1, 2]",1,2,120,33,153,4,5,9,"[9, 10, 11, 12]","[9, 10, 12, 13, 14]","id: 515, experienced: False, age: 20","id: 1, title: Building geometry and metadata",20,1
468,2017-05-04 12:51:48.168913+00:00,"[4, 2, 1, 3]",2,1,93,97,190,6,4,10,"[15, 16, 17, 18, 19, 20]","[16, 17, 18, 19]","id: 430, experienced: False, age: 20","id: 2, title: Building geometry and metadata",20,2
644,2017-05-05 13:57:08.416532+00:00,"[4, 3, 1, 2]",3,1,88,65,153,5,6,11,"[15, 16, 17, 18, 19]","[15, 16, 17, 18, 19, 20]","id: 521, experienced: False, age: 21","id: 3, title: Building geometry and metadata",21,3
320,2017-05-03 15:48:02.736642+00:00,"[4, 3, 2, 1]",1,3,105,43,148,6,4,10,"[1, 2, 3, 4, 5, 6]","[2, 3, 5, 6]","id: 303, experienced: False, age: 21","id: 1, title: Building geometry and metadata",21,1
646,2017-05-05 13:59:49.092932+00:00,"[4, 3, 1, 2]",1,2,69,50,119,6,6,12,"[1, 2, 3, 4, 5, 6]","[1, 2, 3, 4, 5, 6]","id: 521, experienced: False, age: 21","id: 1, title: Building geometry and metadata",21,1
680,2017-05-06 08:15:22.645484+00:00,"[4, 1, 2, 3]",3,3,58,43,101,3,5,8,"[10, 12, 14]","[9, 10, 11, 12, 14]","id: 543, experienced: False, age: 21","id: 3, title: Building geometry and metadata",21,3
648,2017-05-05 14:06:43.866089+00:00,"[4, 3, 1, 2]",2,3,67,25,92,5,6,11,"[9, 10, 11, 12, 14]","[9, 10, 11, 12, 13, 14]","id: 521, experienced: False, age: 21","id: 2, title: Building geometry and metadata",21,2
764,2017-05-08 09:25:40.685539+00:00,"[4, 1, 2, 3]",2,2,33,30,63,3,4,7,"[15, 17, 19]","[15, 16, 17, 19]","id: 584, experienced: False, age: 21","id: 2, title: Building geometry and metadata",21,2
765,2017-05-08 09:27:40.209411+00:00,"[4, 1, 2, 3]",3,3,64,43,107,5,4,9,"[2, 3, 4, 5, 6]","[1, 3, 5, 6]","id: 584, experienced: False, age: 21","id: 3, title: Building geometry and metadata",21,3
547,2017-05-05 08:22:53.795407+00:00,"[4, 1, 3, 2]",2,3,167,40,207,6,6,12,"[9, 10, 11, 12, 13, 14]","[9, 10, 11, 12, 13, 14]","id: 468, experienced: False, age: 21","id: 2, title: Building geometry and metadata",21,2
546,2017-05-05 08:19:04.661682+00:00,"[4, 1, 3, 2]",3,2,136,52,188,6,6,12,"[1, 2, 3, 4, 5, 6]","[1, 2, 3, 4, 5, 6]","id: 468, experienced: False, age: 21","id: 3, title: Building geometry and metadata",21,3
545,2017-05-05 08:15:32.761023+00:00,"[4, 1, 3, 2]",1,1,162,59,221,5,6,11,"[15, 16, 17, 19, 20]","[15, 16, 17, 18, 19, 20]","id: 468, experienced: False, age: 21","id: 1, title: Building geometry and metadata",21,1
319,2017-05-03 15:44:53.847178+00:00,"[4, 3, 2, 1]",2,2,106,46,152,5,4,9,"[15, 16, 17, 19, 20]","[15, 16, 17, 19]","id: 303, experienced: False, age: 21","id: 2, title: Building geometry and metadata",21,2
722,2017-05-07 15:09:02.655203+00:00,"[4, 1, 2, 3]",3,3,27,19,46,5,4,9,"[10, 11, 12, 13, 14]","[10, 11, 12, 14]","id: 561, experienced: False, age: 21","id: 3, title: Building geometry and metadata",21,3
318,2017-05-03 15:41:59.165035+00:00,"[4, 3, 2, 1]",3,1,134,75,209,5,4,9,"[9, 10, 12, 13, 14]","[10, 11, 12, 14]","id: 303, experienced: False, age: 21","id: 3, title: Building geometry and metadata",21,3
721,2017-05-07 15:08:03.987431+00:00,"[4, 1, 2, 3]",2,2,52,20,72,5,5,10,"[1, 2, 3, 4, 6]","[1, 2, 3, 4, 5]","id: 561, experienced: False, age: 21","id: 2, title: Building geometry and metadata",21,2
698,2017-05-06 15:42:57.012159+00:00,"[4, 1, 3, 2]",1,1,64,76,140,4,5,9,"[10, 11, 12, 14]","[9, 10, 12, 13, 14]","id: 553, experienced: False, age: 21","id: 1, title: Building geometry and metadata",21,1
720,2017-05-07 15:06:29.816532+00:00,"[4, 1, 2, 3]",1,1,60,66,126,4,5,9,"[15, 16, 18, 19]","[15, 16, 18, 19, 20]","id: 561, experienced: False, age: 21","id: 1, title: Building geometry and metadata",21,1
783,2017-05-08 11:48:56.924159+00:00,"[4, 1, 3, 2]",1,1,70,40,110,5,6,11,"[15, 16, 17, 18, 19]","[15, 16, 17, 18, 19, 20]","id: 575, experienced: False, age: 21","id: 1, title: Building geometry and metadata",21,1
784,2017-05-08 11:50:50.450618+00:00,"[4, 1, 3, 2]",3,2,70,25,95,2,5,7,"[2, 6]","[1, 2, 3, 4, 5]","id: 575, experienced: False, age: 21","id: 3, title: Building geometry and metadata",21,3
785,2017-05-08 11:51:34.623564+00:00,"[4, 1, 3, 2]",2,3,13,13,26,1,5,6,[10],"[9, 10, 12, 13, 14]","id: 575, experienced: False, age: 21","id: 2, title: Building geometry and metadata",21,2
795,2017-05-08 16:43:08.928207+00:00,"[4, 3, 2, 1]",3,1,83,75,158,6,6,12,"[1, 2, 3, 4, 5, 6]","[1, 2, 3, 4, 5, 6]","id: 593, experienced: False, age: 21","id: 3, title: Building geometry and metadata",21,3
796,2017-05-08 16:45:23.971241+00:00,"[4, 3, 2, 1]",2,2,63,45,108,6,5,11,"[15, 16, 17, 18, 19, 20]","[15, 17, 18, 19, 20]","id: 593, experienced: False, age: 21","id: 2, title: Building geometry and metadata",21,2
700,2017-05-06 15:49:19.972596+00:00,"[4, 1, 3, 2]",2,3,131,37,168,6,5,11,"[15, 16, 17, 18, 19, 20]","[15, 17, 18, 19, 20]","id: 553, experienced: False, age: 21","id: 2, title: Building geometry and metadata",21,2
699,2017-05-06 15:46:13.467937+00:00,"[4, 1, 3, 2]",3,2,141,39,180,5,5,10,"[1, 2, 3, 5, 6]","[1, 2, 3, 4, 5]","id: 553, experienced: False, age: 21","id: 3, title: Building geometry and metadata",21,3
763,2017-05-08 09:24:19.463293+00:00,"[4, 1, 2, 3]",1,1,78,81,159,4,4,8,"[10, 11, 12, 14]","[10, 11, 12, 13]","id: 584, experienced: False, age: 21","id: 1, title: Building geometry and metadata",21,1
797,2017-05-08 16:49:13.160827+00:00,"[4, 3, 2, 1]",1,3,114,69,183,5,6,11,"[9, 10, 11, 12, 14]","[9, 10, 11, 12, 13, 14]","id: 593, experienced: False, age: 21","id: 1, title: Building geometry and metadata",21,1
473,2017-05-04 12:59:38.405005+00:00,"[4, 2, 3, 1]",1,3,75,80,155,4,5,9,"[10, 11, 12, 14]","[9, 10, 11, 12, 14]","id: 431, experienced: False, age: 21","id: 1, title: Building geometry and metadata",21,1
471,2017-05-04 12:56:27.313285+00:00,"[4, 2, 3, 1]",3,2,106,48,154,4,6,10,"[15, 16, 17, 19]","[15, 16, 17, 18, 19, 20]","id: 431, experienced: False, age: 21","id: 3, title: Building geometry and metadata",21,3
435,2017-05-04 09:23:13.544027+00:00,"[4, 2, 1, 3]",3,3,169,59,228,5,6,11,"[2, 3, 4, 5, 6]","[1, 2, 3, 4, 5, 6]","id: 415, experienced: False, age: 21","id: 3, title: Building geometry and metadata",21,3
434,2017-05-04 09:19:05.905403+00:00,"[4, 2, 1, 3]",1,2,90,66,156,4,4,8,"[15, 16, 17, 19]","[15, 18, 19, 20]","id: 415, experienced: False, age: 21","id: 1, title: Building geometry and metadata",21,1
433,2017-05-04 09:15:47.914144+00:00,"[4, 2, 1, 3]",2,1,131,135,266,3,6,9,"[10, 11, 12]","[9, 10, 11, 12, 13, 14]","id: 415, experienced: False, age: 21","id: 2, title: Building geometry and metadata",21,2
678,2017-05-06 08:11:22.799684+00:00,"[4, 1, 2, 3]",1,1,74,53,127,5,6,11,"[2, 3, 4, 5, 6]","[1, 2, 3, 4, 5, 6]","id: 543, experienced: False, age: 21","id: 1, title: Building geometry and metadata",21,1
679,2017-05-06 08:13:21.519342+00:00,"[4, 1, 2, 3]",2,2,63,36,99,5,4,9,"[15, 16, 17, 19, 20]","[15, 17, 18, 19]","id: 543, experienced: False, age: 21","id: 2, title: Building geometry and metadata",21,2
469,2017-05-04 12:53:39.409435+00:00,"[4, 2, 3, 1]",2,1,96,107,203,5,6,11,"[2, 3, 4, 5, 6]","[1, 2, 3, 4, 5, 6]","id: 431, experienced: False, age: 21","id: 2, title: Building geometry and metadata",21,2
207,2017-05-03 07:20:00.761070+00:00,"[4, 3, 2, 1]",2,2,35,18,53,5,2,7,"[1, 2, 3, 4, 6]","[1, 4]","id: 232, experienced: True, age: 22","id: 2, title: Building geometry and metadata",22,2
463,2017-05-04 12:03:06.379323+00:00,"[4, 1, 2, 3]",3,3,92,53,145,5,5,10,"[9, 10, 11, 12, 14]","[9, 10, 11, 12, 14]","id: 427, experienced: True, age: 22","id: 3, title: Building geometry and metadata",22,3
461,2017-05-04 12:00:26.700462+00:00,"[4, 1, 2, 3]",2,2,73,75,148,6,6,12,"[15, 16, 17, 18, 19, 20]","[15, 16, 17, 18, 19, 20]","id: 427, experienced: True, age: 22","id: 2, title: Building geometry and metadata",22,2
460,2017-05-04 11:57:38.095968+00:00,"[4, 1, 2, 3]",1,1,88,112,200,6,6,12,"[1, 2, 3, 4, 5, 6]","[1, 2, 3, 4, 5, 6]","id: 427, experienced: True, age: 22","id: 1, title: Building geometry and metadata",22,1
447,2017-05-04 10:15:38.621550+00:00,"[4, 3, 1, 2]",2,3,65,23,88,4,6,10,"[15, 16, 17, 19]","[15, 16, 17, 18, 19, 20]","id: 421, experienced: False, age: 22","id: 2, title: Building geometry and metadata",22,2
446,2017-05-04 10:13:58.524574+00:00,"[4, 2, 3, 1]",1,3,52,34,86,1,6,7,[19],"[15, 16, 17, 18, 19, 20]","id: 420, experienced: False, age: 22","id: 1, title: Building geometry and metadata",22,1
445,2017-05-04 10:13:53.435131+00:00,"[4, 3, 1, 2]",1,2,68,35,103,3,6,9,"[10, 11, 12]","[9, 10, 11, 12, 13, 14]","id: 421, experienced: False, age: 22","id: 1, title: Building geometry and metadata",22,1
444,2017-05-04 10:11:54.615857+00:00,"[4, 2, 3, 1]",3,2,82,44,126,4,4,8,"[2, 3, 4, 5]","[1, 2, 4, 5]","id: 420, experienced: False, age: 22","id: 3, title: Building geometry and metadata",22,3
443,2017-05-04 10:11:33.942502+00:00,"[4, 3, 1, 2]",3,1,45,36,81,4,6,10,"[1, 2, 3, 6]","[1, 2, 3, 4, 5, 6]","id: 421, experienced: False, age: 22","id: 3, title: Building geometry and metadata",22,3
441,2017-05-04 10:09:24.411908+00:00,"[4, 2, 3, 1]",2,1,105,62,167,2,4,6,"[11, 12]","[9, 10, 12, 13]","id: 420, experienced: False, age: 22","id: 2, title: Building geometry and metadata",22,2
745,2017-05-08 06:26:47.273510+00:00,"[4, 2, 1, 3]",2,1,104,80,184,5,4,9,"[15, 16, 17, 18, 19]","[15, 17, 18, 19]","id: 572, experienced: False, age: 22","id: 2, title: Building geometry and metadata",22,2
209,2017-05-03 07:21:46.638897+00:00,"[4, 3, 2, 1]",1,3,43,29,72,4,3,7,"[9, 10, 11, 12]","[9, 10, 13]","id: 232, experienced: True, age: 22","id: 1, title: Building geometry and metadata",22,1
748,2017-05-08 06:30:03.292603+00:00,"[4, 2, 1, 3]",1,2,91,60,151,5,6,11,"[10, 11, 12, 13, 14]","[9, 10, 11, 12, 13, 14]","id: 572, experienced: False, age: 22","id: 1, title: Building geometry and metadata",22,1
749,2017-05-08 06:33:54.528398+00:00,"[4, 2, 1, 3]",3,3,161,48,209,6,4,10,"[1, 2, 3, 4, 5, 6]","[1, 2, 3, 6]","id: 572, experienced: False, age: 22","id: 3, title: Building geometry and metadata",22,3
686,2017-05-06 10:17:16.122737+00:00,"[4, 2, 1, 3]",2,1,85,52,137,4,6,10,"[15, 17, 18, 19]","[15, 16, 17, 18, 19, 20]","id: 548, experienced: True, age: 22","id: 2, title: Building geometry and metadata",22,2
687,2017-05-06 10:19:04.700384+00:00,"[4, 2, 1, 3]",1,2,45,29,74,4,6,10,"[10, 11, 12, 14]","[9, 10, 11, 12, 13, 14]","id: 548, experienced: True, age: 22","id: 1, title: Building geometry and metadata",22,1
688,2017-05-06 10:20:34.056265+00:00,"[4, 2, 1, 3]",3,3,54,24,78,6,5,11,"[1, 2, 3, 4, 5, 6]","[1, 2, 3, 4, 5]","id: 548, experienced: True, age: 22","id: 3, title: Building geometry and metadata",22,3
651,2017-05-05 15:24:34.479592+00:00,"[4, 2, 1, 3]",2,1,108,110,218,6,5,11,"[1, 2, 3, 4, 5, 6]","[1, 3, 4, 5, 6]","id: 531, experienced: False, age: 22","id: 2, title: Building geometry and metadata",22,2
652,2017-05-05 15:27:37.437047+00:00,"[4, 2, 1, 3]",1,2,90,57,147,5,6,11,"[10, 11, 12, 13, 14]","[9, 10, 11, 12, 13, 14]","id: 531, experienced: False, age: 22","id: 1, title: Building geometry and metadata",22,1
619,2017-05-05 12:17:49.539578+00:00,"[4, 1, 3, 2]",2,3,64,41,105,2,4,6,"[12, 14]","[9, 11, 13, 14]","id: 507, experienced: True, age: 22","id: 2, title: Building geometry and metadata",22,2
618,2017-05-05 12:15:43.871048+00:00,"[4, 1, 3, 2]",3,2,73,44,117,4,4,8,"[15, 16, 17, 19]","[15, 18, 19, 20]","id: 507, experienced: True, age: 22","id: 3, title: Building geometry and metadata",22,3
617,2017-05-05 12:13:32.865368+00:00,"[4, 1, 3, 2]",1,1,68,63,131,4,4,8,"[2, 3, 5, 6]","[1, 2, 3, 4]","id: 507, experienced: True, age: 22","id: 1, title: Building geometry and metadata",22,1
663,2017-05-05 19:18:30.071322+00:00,"[4, 2, 3, 1]",2,1,56,67,123,4,6,10,"[15, 16, 17, 19]","[15, 16, 17, 18, 19, 20]","id: 536, experienced: False, age: 22","id: 2, title: Building geometry and metadata",22,2
653,2017-05-05 15:29:44.034944+00:00,"[4, 2, 1, 3]",3,3,70,46,116,5,6,11,"[15, 16, 17, 19, 20]","[15, 16, 17, 18, 19, 20]","id: 531, experienced: False, age: 22","id: 3, title: Building geometry and metadata",22,3
712,2017-05-07 11:38:40.111600+00:00,"[4, 2, 3, 1]",2,1,72,100,172,6,5,11,"[1, 2, 3, 4, 5, 6]","[1, 2, 3, 4, 5]","id: 559, experienced: False, age: 22","id: 2, title: Building geometry and metadata",22,2
713,2017-05-07 11:41:05.917661+00:00,"[4, 2, 3, 1]",3,2,48,88,136,5,5,10,"[15, 16, 17, 18, 19]","[15, 17, 18, 19, 20]","id: 559, experienced: False, age: 22","id: 3, title: Building geometry and metadata",22,3
714,2017-05-07 11:43:08.927215+00:00,"[4, 2, 3, 1]",1,3,43,48,91,4,6,10,"[10, 11, 12, 14]","[9, 10, 11, 12, 13, 14]","id: 559, experienced: False, age: 22","id: 1, title: Building geometry and metadata",22,1
716,2017-05-07 14:15:26.390554+00:00,"[4, 3, 2, 1]",3,1,126,91,217,6,5,11,"[9, 10, 11, 12, 13, 14]","[9, 10, 12, 13, 14]","id: 560, experienced: True, age: 22","id: 3, title: Building geometry and metadata",22,3
717,2017-05-07 14:19:42.122558+00:00,"[4, 3, 2, 1]",2,2,126,109,235,4,6,10,"[15, 17, 18, 19]","[15, 16, 17, 18, 19, 20]","id: 560, experienced: True, age: 22","id: 2, title: Building geometry and metadata",22,2
664,2017-05-05 19:20:50.645535+00:00,"[4, 2, 3, 1]",3,2,72,50,122,4,5,9,"[10, 11, 12, 14]","[9, 10, 12, 13, 14]","id: 536, experienced: False, age: 22","id: 3, title: Building geometry and metadata",22,3
665,2017-05-05 19:23:07.092753+00:00,"[4, 2, 3, 1]",1,3,73,25,98,5,6,11,"[2, 3, 4, 5, 6]","[1, 2, 3, 4, 5, 6]","id: 536, experienced: False, age: 22","id: 1, title: Building geometry and metadata",22,1
501,2017-05-04 21:52:51.797734+00:00,"[4, 2, 3, 1]",1,3,54,48,102,5,5,10,"[15, 16, 17, 18, 19]","[15, 17, 18, 19, 20]","id: 448, experienced: True, age: 22","id: 1, title: Building geometry and metadata",22,1
500,2017-05-04 21:50:33.195212+00:00,"[4, 2, 3, 1]",3,2,75,52,127,6,5,11,"[9, 10, 11, 12, 13, 14]","[9, 10, 11, 12, 13]","id: 448, experienced: True, age: 22","id: 3, title: Building geometry and metadata",22,3
499,2017-05-04 21:48:11.519363+00:00,"[4, 2, 3, 1]",2,1,76,117,193,6,6,12,"[1, 2, 3, 4, 5, 6]","[1, 2, 3, 4, 5, 6]","id: 448, experienced: True, age: 22","id: 2, title: Building geometry and metadata",22,2
718,2017-05-07 14:24:14.301646+00:00,"[4, 3, 2, 1]",1,3,164,70,234,6,5,11,"[1, 2, 3, 4, 5, 6]","[1, 2, 3, 4, 5]","id: 560, experienced: True, age: 22","id: 1, title: Building geometry and metadata",22,1
483,2017-05-04 15:32:42.168928+00:00,"[4, 1, 2, 3]",3,3,56,65,121,5,5,10,"[15, 16, 17, 18, 19]","[15, 16, 17, 19, 20]","id: 441, experienced: True, age: 22","id: 3, title: Building geometry and metadata",22,3
482,2017-05-04 15:30:25.986971+00:00,"[4, 1, 2, 3]",2,2,97,64,161,5,6,11,"[2, 3, 4, 5, 6]","[1, 2, 3, 4, 5, 6]","id: 441, experienced: True, age: 22","id: 2, title: Building geometry and metadata",22,2
481,2017-05-04 15:27:24.165405+00:00,"[4, 1, 2, 3]",1,1,110,93,203,5,6,11,"[10, 11, 12, 13, 14]","[9, 10, 11, 12, 13, 14]","id: 441, experienced: True, age: 22","id: 1, title: Building geometry and metadata",22,1
675,2017-05-06 06:55:24.450464+00:00,"[4, 3, 2, 1]",3,1,81,43,124,5,6,11,"[10, 11, 12, 13, 14]","[9, 10, 11, 12, 13, 14]","id: 542, experienced: False, age: 22","id: 3, title: Building geometry and metadata",22,3
478,2017-05-04 13:50:49.964575+00:00,"[4, 3, 2, 1]",1,3,130,34,164,6,5,11,"[1, 2, 3, 4, 5, 6]","[1, 2, 3, 4, 5]","id: 436, experienced: True, age: 22","id: 1, title: Building geometry and metadata",22,1
477,2017-05-04 13:47:26.355367+00:00,"[4, 3, 2, 1]",2,2,87,36,123,4,6,10,"[9, 10, 11, 12]","[9, 10, 11, 12, 13, 14]","id: 436, experienced: True, age: 22","id: 2, title: Building geometry and metadata",22,2
676,2017-05-06 06:57:00.725260+00:00,"[4, 3, 2, 1]",1,3,54,14,68,2,3,5,"[19, 20]","[18, 19, 20]","id: 542, experienced: False, age: 22","id: 1, title: Building geometry and metadata",22,1
206,2017-05-03 07:18:50.394485+00:00,"[4, 3, 2, 1]",3,1,45,39,84,4,4,8,"[15, 16, 17, 19]","[15, 17, 18, 20]","id: 232, experienced: True, age: 22","id: 3, title: Building geometry and metadata",22,3
476,2017-05-04 13:44:41.570947+00:00,"[4, 3, 2, 1]",3,1,104,94,198,4,6,10,"[15, 17, 18, 19]","[15, 16, 17, 18, 19, 20]","id: 436, experienced: True, age: 22","id: 3, title: Building geometry and metadata",22,3
245,2017-05-03 10:16:05.917391+00:00,"[4, 3, 2, 1]",2,2,82,66,148,4,5,9,"[9, 10, 11, 12]","[9, 10, 12, 13, 14]","id: 250, experienced: True, age: 23","id: 2, title: Building geometry and metadata",23,2
244,2017-05-03 10:13:16.286662+00:00,"[4, 3, 2, 1]",3,1,128,92,220,4,6,10,"[1, 2, 5, 6]","[1, 2, 3, 4, 5, 6]","id: 250, experienced: True, age: 23","id: 3, title: Building geometry and metadata",23,3
497,2017-05-04 20:22:08.921739+00:00,"[4, 1, 2, 3]",3,3,63,74,137,4,5,9,"[10, 11, 12, 14]","[9, 10, 12, 13, 14]","id: 447, experienced: True, age: 23","id: 3, title: Building geometry and metadata",23,3
496,2017-05-04 20:19:38.880673+00:00,"[4, 1, 2, 3]",2,2,63,243,306,6,5,11,"[15, 16, 17, 18, 19, 20]","[15, 17, 18, 19, 20]","id: 447, experienced: True, age: 23","id: 2, title: Building geometry and metadata",23,2
495,2017-05-04 20:14:05.487731+00:00,"[4, 1, 2, 3]",1,1,66,71,137,6,6,12,"[1, 2, 3, 4, 5, 6]","[1, 2, 3, 4, 5, 6]","id: 447, experienced: True, age: 23","id: 1, title: Building geometry and metadata",23,1
164,2017-05-02 09:42:18.929792+00:00,"[4, 2, 3, 1]",3,2,95,46,141,4,4,8,"[15, 16, 17, 19]","[15, 18, 19, 20]","id: 210, experienced: False, age: 23","id: 3, title: Building geometry and metadata",23,3
640,2017-05-05 13:41:42.692330+00:00,"[4, 3, 1, 2]",3,1,79,96,175,6,5,11,"[1, 2, 3, 4, 5, 6]","[1, 2, 3, 4, 5]","id: 519, experienced: False, age: 23","id: 3, title: Building geometry and metadata",23,3
167,2017-05-02 09:44:45.120381+00:00,"[4, 2, 3, 1]",1,3,54,45,99,4,6,10,"[2, 3, 5, 6]","[1, 2, 3, 4, 5, 6]","id: 210, experienced: False, age: 23","id: 1, title: Building geometry and metadata",23,1
182,2017-05-02 10:30:03.899857+00:00,"[4, 1, 3, 2]",2,3,36,16,52,6,6,12,"[1, 2, 3, 4, 5, 6]","[1, 2, 3, 4, 5, 6]","id: 221, experienced: True, age: 23","id: 2, title: Building geometry and metadata",23,2
180,2017-05-02 10:26:43.697271+00:00,"[4, 1, 3, 2]",1,1,53,55,108,6,6,12,"[15, 16, 17, 18, 19, 20]","[15, 16, 17, 18, 19, 20]","id: 221, experienced: True, age: 23","id: 1, title: Building geometry and metadata",23,1
254,2017-05-03 10:43:48.649877+00:00,"[4, 3, 1, 2]",2,3,96,42,138,5,5,10,"[10, 11, 12, 13, 14]","[9, 10, 12, 13, 14]","id: 249, experienced: True, age: 23","id: 2, title: Building geometry and metadata",23,2
251,2017-05-03 10:38:41.578303+00:00,"[4, 3, 1, 2]",1,2,74,65,139,5,6,11,"[15, 16, 17, 18, 19]","[15, 16, 17, 18, 19, 20]","id: 249, experienced: True, age: 23","id: 1, title: Building geometry and metadata",23,1
692,2017-05-06 11:09:30.045814+00:00,"[4, 2, 1, 3]",3,3,68,54,122,6,6,12,"[15, 16, 17, 18, 19, 20]","[15, 16, 17, 18, 19, 20]","id: 549, experienced: True, age: 23","id: 3, title: Building geometry and metadata",23,3
181,2017-05-02 10:28:53.756582+00:00,"[4, 1, 3, 2]",3,2,47,46,93,4,6,10,"[10, 11, 12, 14]","[9, 10, 11, 12, 13, 14]","id: 221, experienced: True, age: 23","id: 3, title: Building geometry and metadata",23,3
439,2017-05-04 09:54:22.384767+00:00,"[4, 2, 1, 3]",2,1,127,73,200,5,4,9,"[9, 10, 11, 12, 14]","[9, 11, 13, 14]","id: 419, experienced: True, age: 23","id: 2, title: Building geometry and metadata",23,2
368,2017-05-03 19:19:36.121850+00:00,"[4, 3, 2, 1]",1,3,132,52,184,5,5,10,"[15, 16, 17, 18, 19]","[16, 17, 18, 19, 20]","id: 358, experienced: True, age: 23","id: 1, title: Building geometry and metadata",23,1
367,2017-05-03 19:15:44.801740+00:00,"[4, 3, 2, 1]",2,2,113,63,176,6,6,12,"[1, 2, 3, 4, 5, 6]","[1, 2, 3, 4, 5, 6]","id: 358, experienced: True, age: 23","id: 2, title: Building geometry and metadata",23,2
691,2017-05-06 11:07:08.551978+00:00,"[4, 2, 1, 3]",1,2,83,37,120,6,6,12,"[1, 2, 3, 4, 5, 6]","[1, 2, 3, 4, 5, 6]","id: 549, experienced: True, age: 23","id: 1, title: Building geometry and metadata",23,1
249,2017-05-03 10:28:10.886245+00:00,"[4, 3, 1, 2]",3,1,90,112,202,5,5,10,"[1, 2, 3, 5, 6]","[1, 2, 3, 4, 5]","id: 249, experienced: True, age: 23","id: 3, title: Building geometry and metadata",23,3
690,2017-05-06 11:04:22.875587+00:00,"[4, 2, 1, 3]",2,1,73,74,147,5,6,11,"[9, 10, 11, 12, 14]","[9, 10, 11, 12, 13, 14]","id: 549, experienced: True, age: 23","id: 2, title: Building geometry and metadata",23,2
505,2017-05-05 04:40:20.441645+00:00,"[4, 1, 2, 3]",3,3,66,54,120,5,3,8,"[9, 10, 11, 12, 14]","[9, 11, 13]","id: 450, experienced: True, age: 23","id: 3, title: Building geometry and metadata",23,3
641,2017-05-05 13:46:39.853775+00:00,"[4, 3, 1, 2]",1,2,104,137,241,5,4,9,"[15, 16, 17, 18, 19]","[15, 17, 18, 19]","id: 519, experienced: False, age: 23","id: 1, title: Building geometry and metadata",23,1
504,2017-05-05 04:38:00.083884+00:00,"[4, 1, 2, 3]",2,2,102,83,185,6,3,9,"[15, 16, 17, 18, 19, 20]","[15, 16, 20]","id: 450, experienced: True, age: 23","id: 2, title: Building geometry and metadata",23,2
503,2017-05-05 04:34:25.298688+00:00,"[4, 1, 2, 3]",1,1,79,135,214,5,5,10,"[1, 3, 4, 5, 6]","[1, 2, 3, 4, 5]","id: 450, experienced: True, age: 23","id: 1, title: Building geometry and metadata",23,1
366,2017-05-03 19:12:24.973602+00:00,"[4, 3, 2, 1]",3,1,218,140,358,4,5,9,"[10, 11, 12, 13]","[9, 10, 12, 13, 14]","id: 358, experienced: True, age: 23","id: 3, title: Building geometry and metadata",23,3
642,2017-05-05 13:49:40.897635+00:00,"[4, 3, 1, 2]",2,3,80,43,123,5,5,10,"[10, 11, 12, 13, 14]","[9, 10, 12, 13, 14]","id: 519, experienced: False, age: 23","id: 2, title: Building geometry and metadata",23,2
163,2017-05-02 09:39:35.584243+00:00,"[4, 2, 3, 1]",2,1,116,268,384,5,6,11,"[10, 11, 12, 13, 14]","[9, 10, 11, 12, 13, 14]","id: 210, experienced: False, age: 23","id: 2, title: Building geometry and metadata",23,2
246,2017-05-03 10:18:33.379381+00:00,"[4, 3, 2, 1]",1,3,68,38,106,5,6,11,"[15, 16, 17, 18, 19]","[15, 16, 17, 18, 19, 20]","id: 250, experienced: True, age: 23","id: 1, title: Building geometry and metadata",23,1
215,2017-05-03 07:49:31.934750+00:00,"[4, 2, 1, 3]",3,3,124,61,185,6,4,10,"[15, 16, 17, 18, 19, 20]","[16, 18, 19, 20]","id: 234, experienced: True, age: 24","id: 3, title: Building geometry and metadata",24,3
190,2017-05-02 10:52:36.710595+00:00,"[4, 2, 3, 1]",1,3,84,80,164,4,5,9,"[15, 16, 17, 19]","[15, 16, 17, 18, 19]","id: 224, experienced: False, age: 24","id: 1, title: Building geometry and metadata",24,1
192,2017-05-02 11:19:54.909790+00:00,"[4, 1, 2, 3]",1,1,45,47,92,5,6,11,"[2, 3, 4, 5, 6]","[1, 2, 3, 4, 5, 6]","id: 226, experienced: False, age: 24","id: 1, title: Building geometry and metadata",24,1
194,2017-05-02 11:23:09.594181+00:00,"[4, 1, 2, 3]",3,3,46,46,92,4,5,9,"[15, 16, 17, 19]","[15, 17, 18, 19, 20]","id: 226, experienced: False, age: 24","id: 3, title: Building geometry and metadata",24,3
196,2017-05-02 11:50:02.201744+00:00,"[4, 1, 2, 3]",1,1,85,94,179,5,6,11,"[1, 3, 4, 5, 6]","[1, 2, 3, 4, 5, 6]","id: 209, experienced: False, age: 24","id: 1, title: Building geometry and metadata",24,1
172,2017-05-02 09:54:06.387525+00:00,"[4, 3, 2, 1]",3,1,120,105,225,6,4,10,"[1, 2, 3, 4, 5, 6]","[1, 3, 4, 5]","id: 219, experienced: False, age: 24","id: 3, title: Building geometry and metadata",24,3
177,2017-05-02 10:00:45.991307+00:00,"[4, 3, 2, 1]",1,3,149,54,203,5,5,10,"[9, 10, 11, 12, 13]","[9, 10, 11, 12, 13]","id: 219, experienced: False, age: 24","id: 1, title: Building geometry and metadata",24,1
185,2017-05-02 10:46:27.202826+00:00,"[4, 2, 3, 1]",2,1,102,44,146,6,6,12,"[1, 2, 3, 4, 5, 6]","[1, 2, 3, 4, 5, 6]","id: 224, experienced: False, age: 24","id: 2, title: Building geometry and metadata",24,2
187,2017-05-02 10:48:54.633157+00:00,"[4, 2, 3, 1]",3,2,85,39,124,3,6,9,"[10, 11, 14]","[9, 10, 11, 12, 13, 14]","id: 224, experienced: False, age: 24","id: 3, title: Building geometry and metadata",24,3
193,2017-05-02 11:21:25.673254+00:00,"[4, 1, 2, 3]",2,2,46,28,74,3,5,8,"[10, 11, 12]","[9, 10, 12, 13, 14]","id: 226, experienced: False, age: 24","id: 2, title: Building geometry and metadata",24,2
197,2017-05-02 11:52:56.103682+00:00,"[4, 1, 2, 3]",2,2,76,81,157,5,4,9,"[15, 17, 18, 19, 20]","[15, 17, 18, 20]","id: 209, experienced: False, age: 24","id: 2, title: Building geometry and metadata",24,2
198,2017-05-02 11:55:11.191116+00:00,"[4, 1, 2, 3]",3,3,68,56,124,5,6,11,"[9, 10, 11, 12, 14]","[9, 10, 11, 12, 13, 14]","id: 209, experienced: False, age: 24","id: 3, title: Building geometry and metadata",24,3
212,2017-05-03 07:42:37.687071+00:00,"[4, 2, 1, 3]",2,1,94,117,211,6,5,11,"[9, 10, 11, 12, 13, 14]","[9, 11, 12, 13, 14]","id: 234, experienced: True, age: 24","id: 2, title: Building geometry and metadata",24,2
213,2017-05-03 07:46:14.648972+00:00,"[4, 2, 1, 3]",1,2,106,75,181,5,3,8,"[2, 3, 4, 5, 6]","[2, 3, 4]","id: 234, experienced: True, age: 24","id: 1, title: Building geometry and metadata",24,1
217,2017-05-03 07:55:23.492859+00:00,"[4, 2, 1, 3]",2,1,167,147,314,5,5,10,"[1, 2, 3, 5, 6]","[1, 2, 3, 4, 5]","id: 235, experienced: False, age: 24","id: 2, title: Building geometry and metadata",24,2
220,2017-05-03 07:57:55.158594+00:00,"[4, 2, 1, 3]",1,2,60,55,115,4,3,7,"[15, 17, 18, 19]","[18, 19, 20]","id: 235, experienced: False, age: 24","id: 1, title: Building geometry and metadata",24,1
221,2017-05-03 07:59:35.034212+00:00,"[4, 2, 1, 3]",3,3,47,36,83,3,5,8,"[10, 11, 12]","[9, 10, 12, 13, 14]","id: 235, experienced: False, age: 24","id: 3, title: Building geometry and metadata",24,3
240,2017-05-03 09:54:33.693510+00:00,"[4, 2, 3, 1]",2,1,101,53,154,6,6,12,"[1, 2, 3, 4, 5, 6]","[1, 2, 3, 4, 5, 6]","id: 248, experienced: False, age: 24","id: 2, title: Building geometry and metadata",24,2
241,2017-05-03 09:56:28.072765+00:00,"[4, 2, 3, 1]",3,2,67,33,100,4,6,10,"[10, 11, 12, 14]","[9, 10, 11, 12, 13, 14]","id: 248, experienced: False, age: 24","id: 3, title: Building geometry and metadata",24,3
242,2017-05-03 09:58:44.995943+00:00,"[4, 2, 3, 1]",1,3,80,26,106,5,6,11,"[15, 16, 17, 18, 19]","[15, 16, 17, 18, 19, 20]","id: 248, experienced: False, age: 24","id: 1, title: Building geometry and metadata",24,1
250,2017-05-03 10:34:28.639191+00:00,"[4, 1, 3, 2]",1,1,286,90,376,5,6,11,"[9, 10, 12, 13, 14]","[9, 10, 11, 12, 13, 14]","id: 252, experienced: True, age: 24","id: 1, title: Building geometry and metadata",24,1
252,2017-05-03 10:41:22.223436+00:00,"[4, 1, 3, 2]",3,2,242,129,371,5,6,11,"[15, 16, 17, 18, 19]","[15, 16, 17, 18, 19, 20]","id: 252, experienced: True, age: 24","id: 3, title: Building geometry and metadata",24,3
255,2017-05-03 10:45:19.022732+00:00,"[4, 1, 3, 2]",2,3,153,60,213,5,6,11,"[2, 3, 4, 5, 6]","[1, 2, 3, 4, 5, 6]","id: 252, experienced: True, age: 24","id: 2, title: Building geometry and metadata",24,2
258,2017-05-03 11:22:09.805179+00:00,"[4, 2, 3, 1]",2,1,138,105,243,6,4,10,"[1, 2, 3, 4, 5, 6]","[1, 3, 4, 5]","id: 261, experienced: False, age: 24","id: 2, title: Building geometry and metadata",24,2
259,2017-05-03 11:22:27.876523+00:00,"[4, 1, 2, 3]",1,1,152,150,302,5,6,11,"[2, 3, 4, 5, 6]","[1, 2, 3, 4, 5, 6]","id: 263, experienced: False, age: 24","id: 1, title: Building geometry and metadata",24,1
260,2017-05-03 11:25:22.963824+00:00,"[4, 2, 3, 1]",3,2,121,50,171,4,4,8,"[15, 16, 17, 19]","[15, 17, 18, 20]","id: 261, experienced: False, age: 24","id: 3, title: Building geometry and metadata",24,3
261,2017-05-03 11:26:01.143652+00:00,"[4, 1, 2, 3]",2,2,92,100,192,5,4,9,"[15, 16, 17, 19, 20]","[15, 16, 19, 20]","id: 263, experienced: False, age: 24","id: 2, title: Building geometry and metadata",24,2
262,2017-05-03 11:29:25.866698+00:00,"[4, 2, 3, 1]",1,3,106,71,177,5,5,10,"[9, 10, 11, 12, 14]","[9, 10, 12, 13, 14]","id: 261, experienced: False, age: 24","id: 1, title: Building geometry and metadata",24,1
263,2017-05-03 11:29:26.425970+00:00,"[4, 1, 2, 3]",3,3,154,37,191,5,5,10,"[9, 10, 11, 12, 13]","[9, 10, 12, 13, 14]","id: 263, experienced: False, age: 24","id: 3, title: Building geometry and metadata",24,3
283,2017-05-03 12:56:11.525835+00:00,"[4, 1, 3, 2]",1,1,76,66,142,6,5,11,"[1, 2, 3, 4, 5, 6]","[1, 2, 3, 4, 5]","id: 275, experienced: True, age: 24","id: 1, title: Building geometry and metadata",24,1
284,2017-05-03 12:58:13.210886+00:00,"[4, 1, 3, 2]",3,2,59,44,103,6,5,11,"[15, 16, 17, 18, 19, 20]","[15, 17, 18, 19, 20]","id: 275, experienced: True, age: 24","id: 3, title: Building geometry and metadata",24,3
286,2017-05-03 13:00:20.031876+00:00,"[4, 1, 3, 2]",2,3,60,45,105,3,6,9,"[10, 12, 14]","[9, 10, 11, 12, 13, 14]","id: 275, experienced: True, age: 24","id: 2, title: Building geometry and metadata",24,2
323,2017-05-03 16:09:46.255116+00:00,"[4, 3, 2, 1]",3,1,32,21,53,3,4,7,"[2, 3, 6]","[1, 2, 4, 6]","id: 308, experienced: True, age: 24","id: 3, title: Building geometry and metadata",24,3
336,2017-05-03 17:35:13.175004+00:00,"[4, 3, 2, 1]",3,1,95,62,157,6,4,10,"[1, 2, 3, 4, 5, 6]","[1, 3, 4, 6]","id: 337, experienced: False, age: 24","id: 3, title: Building geometry and metadata",24,3
337,2017-05-03 17:37:10.536813+00:00,"[4, 3, 2, 1]",2,2,53,45,98,5,4,9,"[15, 16, 17, 19, 20]","[15, 17, 18, 20]","id: 337, experienced: False, age: 24","id: 2, title: Building geometry and metadata",24,2
339,2017-05-03 17:39:40.574868+00:00,"[4, 3, 2, 1]",1,3,52,56,108,4,5,9,"[10, 11, 12, 14]","[9, 10, 11, 12, 13]","id: 337, experienced: False, age: 24","id: 1, title: Building geometry and metadata",24,1
392,2017-05-03 21:10:23.597258+00:00,"[4, 3, 2, 1]",1,3,37,31,68,4,6,10,"[15, 16, 17, 19]","[15, 16, 17, 18, 19, 20]","id: 308, experienced: True, age: 24","id: 1, title: Building geometry and metadata",24,1
394,2017-05-03 21:11:44.257684+00:00,"[4, 2, 1, 3]",2,1,134,86,220,4,5,9,"[10, 12, 13, 14]","[9, 10, 12, 13, 14]","id: 374, experienced: True, age: 24","id: 2, title: Building geometry and metadata",24,2
397,2017-05-03 21:15:13.494294+00:00,"[4, 2, 1, 3]",1,2,56,68,124,5,5,10,"[15, 16, 17, 18, 19]","[15, 17, 18, 19, 20]","id: 374, experienced: True, age: 24","id: 1, title: Building geometry and metadata",24,1
399,2017-05-03 21:16:52.667950+00:00,"[4, 2, 1, 3]",3,3,53,35,88,4,4,8,"[2, 3, 4, 6]","[1, 2, 4, 5]","id: 374, experienced: True, age: 24","id: 3, title: Building geometry and metadata",24,3
726,2017-05-07 15:22:16.190309+00:00,"[4, 1, 3, 2]",2,3,98,58,156,5,6,11,"[10, 11, 12, 13, 14]","[9, 10, 11, 12, 13, 14]","id: 562, experienced: True, age: 24","id: 2, title: Building geometry and metadata",24,2
725,2017-05-07 15:19:12.819848+00:00,"[4, 1, 3, 2]",3,2,102,48,150,5,5,10,"[15, 16, 17, 18, 19]","[15, 17, 18, 19, 20]","id: 562, experienced: True, age: 24","id: 3, title: Building geometry and metadata",24,3
724,2017-05-07 15:16:22.813112+00:00,"[4, 1, 3, 2]",1,1,141,151,292,6,5,11,"[1, 2, 3, 4, 5, 6]","[1, 2, 3, 4, 5]","id: 562, experienced: True, age: 24","id: 1, title: Building geometry and metadata",24,1
485,2017-05-04 15:53:12.862272+00:00,"[4, 1, 3, 2]",1,1,105,96,201,6,6,12,"[15, 16, 17, 18, 19, 20]","[15, 16, 17, 18, 19, 20]","id: 442, experienced: False, age: 24","id: 1, title: Building geometry and metadata",24,1
486,2017-05-04 15:56:32.674876+00:00,"[4, 1, 3, 2]",3,2,95,87,182,5,6,11,"[1, 3, 4, 5, 6]","[1, 2, 3, 4, 5, 6]","id: 442, experienced: False, age: 24","id: 3, title: Building geometry and metadata",24,3
487,2017-05-04 15:58:46.423877+00:00,"[4, 1, 3, 2]",2,3,67,44,111,5,6,11,"[9, 10, 11, 12, 14]","[9, 10, 11, 12, 13, 14]","id: 442, experienced: False, age: 24","id: 2, title: Building geometry and metadata",24,2
174,2017-05-02 09:56:48.185404+00:00,"[4, 3, 2, 1]",2,2,93,42,135,4,4,8,"[15, 16, 17, 19]","[15, 17, 18, 20]","id: 219, experienced: False, age: 24","id: 2, title: Building geometry and metadata",24,2
684,2017-05-06 10:08:23.480958+00:00,"[4, 1, 2, 3]",3,3,89,25,114,4,6,10,"[10, 11, 12, 14]","[9, 10, 11, 12, 13, 14]","id: 547, experienced: True, age: 24","id: 3, title: Building geometry and metadata",24,3
683,2017-05-06 10:06:14.755922+00:00,"[4, 1, 2, 3]",2,2,81,57,138,6,6,12,"[15, 16, 17, 18, 19, 20]","[15, 16, 17, 18, 19, 20]","id: 547, experienced: True, age: 24","id: 2, title: Building geometry and metadata",24,2
682,2017-05-06 10:03:39.800808+00:00,"[4, 1, 2, 3]",1,1,78,53,131,5,6,11,"[2, 3, 4, 5, 6]","[1, 2, 3, 4, 5, 6]","id: 547, experienced: True, age: 24","id: 1, title: Building geometry and metadata",24,1
559,2017-05-05 10:13:04.600167+00:00,"[4, 1, 2, 3]",1,1,82,58,140,5,6,11,"[15, 16, 17, 18, 19]","[15, 16, 17, 18, 19, 20]","id: 473, experienced: True, age: 24","id: 1, title: Building geometry and metadata",24,1
560,2017-05-05 10:14:54.190623+00:00,"[4, 1, 2, 3]",2,2,56,33,89,5,6,11,"[2, 3, 4, 5, 6]","[1, 2, 3, 4, 5, 6]","id: 473, experienced: True, age: 24","id: 2, title: Building geometry and metadata",24,2
564,2017-05-05 10:17:36.521491+00:00,"[4, 1, 2, 3]",3,3,75,36,111,6,6,12,"[9, 10, 11, 12, 13, 14]","[9, 10, 11, 12, 13, 14]","id: 473, experienced: True, age: 24","id: 3, title: Building geometry and metadata",24,3
571,2017-05-05 10:31:23.738558+00:00,"[4, 3, 2, 1]",3,1,27,11,38,6,5,11,"[1, 2, 3, 4, 5, 6]","[1, 2, 3, 4, 5]","id: 477, experienced: False, age: 24","id: 3, title: Building geometry and metadata",24,3
572,2017-05-05 10:32:29.805657+00:00,"[4, 3, 2, 1]",2,2,37,13,50,4,4,8,"[15, 16, 17, 19]","[15, 18, 19, 20]","id: 477, experienced: False, age: 24","id: 2, title: Building geometry and metadata",24,2
574,2017-05-05 10:33:49.604590+00:00,"[4, 3, 2, 1]",1,3,25,22,47,4,5,9,"[10, 11, 12, 14]","[9, 10, 12, 13, 14]","id: 477, experienced: False, age: 24","id: 1, title: Building geometry and metadata",24,1
582,2017-05-05 10:47:59.151082+00:00,"[4, 1, 3, 2]",1,1,102,86,188,5,6,11,"[10, 11, 12, 13, 14]","[9, 10, 11, 12, 13, 14]","id: 482, experienced: False, age: 24","id: 1, title: Building geometry and metadata",24,1
584,2017-05-05 10:50:43.167731+00:00,"[4, 2, 1, 3]",2,1,128,76,204,5,5,10,"[16, 17, 18, 19, 20]","[15, 16, 17, 18, 19]","id: 484, experienced: False, age: 24","id: 2, title: Building geometry and metadata",24,2
673,2017-05-05 20:15:44.238226+00:00,"[4, 3, 2, 1]",1,3,58,33,91,5,5,10,"[2, 3, 4, 5, 6]","[1, 3, 4, 5, 6]","id: 538, experienced: True, age: 24","id: 1, title: Building geometry and metadata",24,1
672,2017-05-05 20:13:39.974457+00:00,"[4, 3, 2, 1]",2,2,44,45,89,2,4,6,"[10, 11]","[9, 10, 13, 14]","id: 538, experienced: True, age: 24","id: 2, title: Building geometry and metadata",24,2
587,2017-05-05 10:51:43.839381+00:00,"[4, 1, 3, 2]",3,2,158,39,197,5,6,11,"[15, 16, 17, 19, 20]","[15, 16, 17, 18, 19, 20]","id: 482, experienced: False, age: 24","id: 3, title: Building geometry and metadata",24,3
671,2017-05-05 20:11:54.853773+00:00,"[4, 3, 2, 1]",3,1,106,60,166,6,5,11,"[15, 16, 17, 18, 19, 20]","[15, 17, 18, 19, 20]","id: 538, experienced: True, age: 24","id: 3, title: Building geometry and metadata",24,3
590,2017-05-05 10:54:06.837859+00:00,"[4, 2, 1, 3]",1,2,131,36,167,6,5,11,"[9, 10, 11, 12, 13, 14]","[10, 11, 12, 13, 14]","id: 484, experienced: False, age: 24","id: 1, title: Building geometry and metadata",24,1
591,2017-05-05 10:54:53.493710+00:00,"[4, 1, 3, 2]",2,3,115,41,156,6,6,12,"[1, 2, 3, 4, 5, 6]","[1, 2, 3, 4, 5, 6]","id: 482, experienced: False, age: 24","id: 2, title: Building geometry and metadata",24,2
599,2017-05-05 10:58:11.230643+00:00,"[4, 2, 1, 3]",3,3,161,37,198,3,4,7,"[4, 5, 6]","[1, 3, 5, 6]","id: 484, experienced: False, age: 24","id: 3, title: Building geometry and metadata",24,3
657,2017-05-05 16:34:34.298847+00:00,"[4, 3, 1, 2]",2,3,135,55,190,5,6,11,"[9, 10, 11, 12, 14]","[9, 10, 11, 12, 13, 14]","id: 532, experienced: False, age: 24","id: 2, title: Building geometry and metadata",24,2
656,2017-05-05 16:30:18.898904+00:00,"[4, 3, 1, 2]",1,2,98,73,171,6,6,12,"[1, 2, 3, 4, 5, 6]","[1, 2, 3, 4, 5, 6]","id: 532, experienced: False, age: 24","id: 1, title: Building geometry and metadata",24,1
655,2017-05-05 16:26:17.836400+00:00,"[4, 3, 1, 2]",3,1,105,124,229,6,6,12,"[15, 16, 17, 18, 19, 20]","[15, 16, 17, 18, 19, 20]","id: 532, experienced: False, age: 24","id: 3, title: Building geometry and metadata",24,3
636,2017-05-05 13:33:19.070508+00:00,"[4, 2, 1, 3]",2,1,117,32,149,5,5,10,"[15, 16, 17, 18, 19]","[15, 17, 18, 19, 20]","id: 489, experienced: False, age: 24","id: 2, title: Building geometry and metadata",24,2
637,2017-05-05 13:36:12.091835+00:00,"[4, 2, 1, 3]",1,2,98,39,137,4,5,9,"[10, 11, 12, 14]","[10, 11, 12, 13, 14]","id: 489, experienced: False, age: 24","id: 1, title: Building geometry and metadata",24,1
639,2017-05-05 13:38:21.116628+00:00,"[4, 2, 1, 3]",3,3,64,46,110,6,5,11,"[1, 2, 3, 4, 5, 6]","[1, 2, 3, 4, 5]","id: 489, experienced: False, age: 24","id: 3, title: Building geometry and metadata",24,3
704,2017-05-06 17:00:37.372751+00:00,"[4, 1, 2, 3]",3,3,85,37,122,6,5,11,"[1, 2, 3, 4, 5, 6]","[1, 2, 3, 4, 5]","id: 552, experienced: False, age: 25","id: 3, title: Building geometry and metadata",25,3
271,2017-05-03 11:41:20.381027+00:00,"[4, 2, 1, 3]",3,3,86,43,129,4,3,7,"[10, 11, 12, 14]","[9, 10, 13]","id: 264, experienced: False, age: 25","id: 3, title: Building geometry and metadata",25,3
791,2017-05-08 14:15:09.918510+00:00,"[4, 2, 3, 1]",2,1,82,58,140,5,6,11,"[9, 10, 11, 12, 14]","[9, 10, 11, 12, 13, 14]","id: 592, experienced: True, age: 25","id: 2, title: Building geometry and metadata",25,2
792,2017-05-08 14:17:42.274407+00:00,"[4, 2, 3, 1]",3,2,77,52,129,6,6,12,"[15, 16, 17, 18, 19, 20]","[15, 16, 17, 18, 19, 20]","id: 592, experienced: True, age: 25","id: 3, title: Building geometry and metadata",25,3
793,2017-05-08 14:20:03.736344+00:00,"[4, 2, 3, 1]",1,3,62,39,101,6,6,12,"[1, 2, 3, 4, 5, 6]","[1, 2, 3, 4, 5, 6]","id: 592, experienced: True, age: 25","id: 1, title: Building geometry and metadata",25,1
395,2017-05-03 21:13:15.880896+00:00,"[4, 1, 3, 2]",2,3,112,47,159,2,5,7,"[10, 11]","[9, 10, 12, 13, 14]","id: 384, experienced: False, age: 25","id: 2, title: Building geometry and metadata",25,2
388,2017-05-03 21:06:44.821852+00:00,"[4, 1, 3, 2]",1,1,95,80,175,5,6,11,"[15, 16, 17, 19, 20]","[15, 16, 17, 18, 19, 20]","id: 384, experienced: False, age: 25","id: 1, title: Building geometry and metadata",25,1
186,2017-05-02 10:47:38.432350+00:00,"[4, 3, 2, 1]",3,1,90,46,136,6,5,11,"[15, 16, 17, 18, 19, 20]","[15, 17, 18, 19, 20]","id: 225, experienced: True, age: 25","id: 3, title: Building geometry and metadata",25,3
188,2017-05-02 10:49:38.043218+00:00,"[4, 3, 2, 1]",2,2,50,48,98,4,5,9,"[10, 11, 12, 14]","[9, 10, 12, 13, 14]","id: 225, experienced: True, age: 25","id: 2, title: Building geometry and metadata",25,2
391,2017-05-03 21:10:18.108405+00:00,"[4, 1, 3, 2]",3,2,92,102,194,3,5,8,"[2, 5, 6]","[1, 2, 3, 4, 6]","id: 384, experienced: False, age: 25","id: 3, title: Building geometry and metadata",25,3
168,2017-05-02 09:46:20.744829+00:00,"[4, 1, 3, 2]",1,1,84,68,152,6,5,11,"[9, 10, 11, 12, 13, 14]","[9, 10, 12, 13, 14]","id: 215, experienced: False, age: 25","id: 1, title: Building geometry and metadata",25,1
175,2017-05-02 09:57:52.816335+00:00,"[4, 1, 2, 3]",1,1,52,48,100,4,5,9,"[15, 16, 17, 19]","[15, 16, 17, 18, 19]","id: 220, experienced: False, age: 25","id: 1, title: Building geometry and metadata",25,1
627,2017-05-05 12:55:37.137227+00:00,"[4, 2, 1, 3]",3,3,29,30,59,6,5,11,"[15, 16, 17, 18, 19, 20]","[15, 17, 18, 19, 20]","id: 513, experienced: False, age: 25","id: 3, title: Building geometry and metadata",25,3
626,2017-05-05 12:54:24.011337+00:00,"[4, 2, 1, 3]",1,2,50,28,78,4,5,9,"[1, 2, 5, 6]","[1, 2, 3, 4, 5]","id: 513, experienced: False, age: 25","id: 1, title: Building geometry and metadata",25,1
625,2017-05-05 12:52:28.643281+00:00,"[4, 2, 1, 3]",2,1,41,36,77,2,5,7,"[12, 13]","[9, 10, 12, 13, 14]","id: 513, experienced: False, age: 25","id: 2, title: Building geometry and metadata",25,2
649,2017-05-05 14:07:28.994090+00:00,"[4, 1, 2, 3]",1,1,157,71,228,5,6,11,"[9, 10, 11, 12, 13]","[9, 10, 11, 12, 13, 14]","id: 523, experienced: False, age: 25","id: 1, title: Building geometry and metadata",25,1
176,2017-05-02 09:59:30.391124+00:00,"[4, 1, 2, 3]",2,2,46,36,82,3,6,9,"[9, 11, 12]","[9, 10, 11, 12, 13, 14]","id: 220, experienced: False, age: 25","id: 2, title: Building geometry and metadata",25,2
178,2017-05-02 10:01:06.055626+00:00,"[4, 1, 2, 3]",3,3,46,38,84,5,6,11,"[1, 2, 3, 5, 6]","[1, 2, 3, 4, 5, 6]","id: 220, experienced: False, age: 25","id: 3, title: Building geometry and metadata",25,3
189,2017-05-02 10:51:34.949623+00:00,"[4, 3, 2, 1]",1,3,45,34,79,6,6,12,"[1, 2, 3, 4, 5, 6]","[1, 2, 3, 4, 5, 6]","id: 225, experienced: True, age: 25","id: 1, title: Building geometry and metadata",25,1
158,2017-05-02 09:13:21.493731+00:00,"[4, 1, 3, 2]",1,1,89,77,166,4,6,10,"[15, 16, 17, 19]","[15, 16, 17, 18, 19, 20]","id: 208, experienced: True, age: 25","id: 1, title: Building geometry and metadata",25,1
159,2017-05-02 09:15:20.465753+00:00,"[4, 1, 3, 2]",3,2,67,36,103,4,6,10,"[10, 11, 12, 14]","[9, 10, 11, 12, 13, 14]","id: 208, experienced: True, age: 25","id: 3, title: Building geometry and metadata",25,3
223,2017-05-03 08:01:45.365277+00:00,"[4, 2, 3, 1]",2,1,184,112,296,6,5,11,"[1, 2, 3, 4, 5, 6]","[1, 3, 4, 5, 6]","id: 236, experienced: True, age: 25","id: 2, title: Building geometry and metadata",25,2
225,2017-05-03 08:05:36.784417+00:00,"[4, 2, 3, 1]",3,2,120,97,217,6,4,10,"[9, 10, 11, 12, 13, 14]","[9, 10, 11, 13]","id: 236, experienced: True, age: 25","id: 3, title: Building geometry and metadata",25,3
226,2017-05-03 08:09:20.505780+00:00,"[4, 2, 3, 1]",1,3,123,56,179,5,4,9,"[15, 16, 17, 18, 19]","[15, 18, 19, 20]","id: 236, experienced: True, age: 25","id: 1, title: Building geometry and metadata",25,1
171,2017-05-02 09:51:55.812117+00:00,"[4, 1, 3, 2]",2,3,75,62,137,5,5,10,"[1, 3, 4, 5, 6]","[1, 3, 4, 5, 6]","id: 215, experienced: False, age: 25","id: 2, title: Building geometry and metadata",25,2
772,2017-05-08 10:23:18.564586+00:00,"[4, 3, 1, 2]",3,1,117,108,225,4,3,7,"[15, 16, 17, 19]","[17, 19, 20]","id: 588, experienced: False, age: 25","id: 3, title: Building geometry and metadata",25,3
160,2017-05-02 09:17:39.976451+00:00,"[4, 1, 3, 2]",2,3,83,33,116,6,6,12,"[1, 2, 3, 4, 5, 6]","[1, 2, 3, 4, 5, 6]","id: 208, experienced: True, age: 25","id: 2, title: Building geometry and metadata",25,2
267,2017-05-03 11:36:28.463463+00:00,"[4, 2, 1, 3]",2,1,97,61,158,5,4,9,"[2, 3, 4, 5, 6]","[1, 3, 4, 5]","id: 264, experienced: False, age: 25","id: 2, title: Building geometry and metadata",25,2
169,2017-05-02 09:49:21.582067+00:00,"[4, 1, 3, 2]",3,2,76,84,160,6,4,10,"[15, 16, 17, 18, 19, 20]","[15, 17, 18, 20]","id: 215, experienced: False, age: 25","id: 3, title: Building geometry and metadata",25,3
773,2017-05-08 10:26:39.747010+00:00,"[4, 3, 1, 2]",1,2,98,48,146,5,6,11,"[1, 3, 4, 5, 6]","[1, 2, 3, 4, 5, 6]","id: 588, experienced: False, age: 25","id: 1, title: Building geometry and metadata",25,1
775,2017-05-08 10:29:29.107415+00:00,"[4, 3, 1, 2]",2,3,78,66,144,5,4,9,"[10, 11, 12, 13, 14]","[9, 10, 12, 13]","id: 588, experienced: False, age: 25","id: 2, title: Building geometry and metadata",25,2
269,2017-05-03 11:39:01.366704+00:00,"[4, 2, 1, 3]",1,2,76,43,119,4,6,10,"[15, 16, 17, 19]","[15, 16, 17, 18, 19, 20]","id: 264, experienced: False, age: 25","id: 1, title: Building geometry and metadata",25,1
702,2017-05-06 16:55:04.616483+00:00,"[4, 1, 2, 3]",1,1,139,101,240,4,4,8,"[15, 16, 17, 19]","[17, 18, 19, 20]","id: 552, experienced: False, age: 25","id: 1, title: Building geometry and metadata",25,1
703,2017-05-06 16:58:15.482117+00:00,"[4, 1, 2, 3]",2,2,105,58,163,4,5,9,"[10, 11, 12, 14]","[9, 10, 12, 13, 14]","id: 552, experienced: False, age: 25","id: 2, title: Building geometry and metadata",25,2
377,2017-05-03 19:53:17.985065+00:00,"[4, 1, 2, 3]",3,3,81,26,107,4,6,10,"[10, 11, 12, 14]","[9, 10, 11, 12, 13, 14]","id: 368, experienced: True, age: 26","id: 3, title: Building geometry and metadata",26,3
375,2017-05-03 19:51:17.098236+00:00,"[4, 1, 2, 3]",2,2,68,32,100,6,5,11,"[1, 2, 3, 4, 5, 6]","[1, 3, 4, 5, 6]","id: 368, experienced: True, age: 26","id: 2, title: Building geometry and metadata",26,2
602,2017-05-05 11:01:05.868212+00:00,"[4, 3, 1, 2]",3,1,158,107,265,5,6,11,"[10, 11, 12, 13, 14]","[9, 10, 11, 12, 13, 14]","id: 491, experienced: False, age: 26","id: 3, title: Building geometry and metadata",26,3
373,2017-05-03 19:49:19.745620+00:00,"[4, 1, 2, 3]",1,1,75,61,136,5,6,11,"[15, 16, 17, 18, 19]","[15, 16, 17, 18, 19, 20]","id: 368, experienced: True, age: 26","id: 1, title: Building geometry and metadata",26,1
607,2017-05-05 11:04:39.435014+00:00,"[4, 3, 1, 2]",1,2,88,75,163,6,6,12,"[1, 2, 3, 4, 5, 6]","[1, 2, 3, 4, 5, 6]","id: 491, experienced: False, age: 26","id: 1, title: Building geometry and metadata",26,1
608,2017-05-05 11:07:04.637452+00:00,"[4, 3, 1, 2]",2,3,69,53,122,5,6,11,"[15, 16, 17, 19, 20]","[15, 16, 17, 18, 19, 20]","id: 491, experienced: False, age: 26","id: 2, title: Building geometry and metadata",26,2
417,2017-05-04 07:18:05.898450+00:00,"[4, 3, 2, 1]",3,1,131,93,224,4,4,8,"[10, 11, 12, 14]","[9, 12, 13, 14]","id: 407, experienced: False, age: 26","id: 3, title: Building geometry and metadata",26,3
419,2017-05-04 07:20:34.600055+00:00,"[4, 3, 2, 1]",2,2,68,62,130,5,4,9,"[15, 16, 17, 19, 20]","[15, 17, 18, 20]","id: 407, experienced: False, age: 26","id: 2, title: Building geometry and metadata",26,2
421,2017-05-04 07:23:04.805480+00:00,"[4, 3, 2, 1]",1,3,79,36,115,6,6,12,"[1, 2, 3, 4, 5, 6]","[1, 2, 3, 4, 5, 6]","id: 407, experienced: False, age: 26","id: 1, title: Building geometry and metadata",26,1
333,2017-05-03 17:29:09.917252+00:00,"[4, 3, 2, 1]",3,1,157,133,290,5,3,8,"[1, 3, 4, 5, 6]","[1, 2, 4]","id: 333, experienced: True, age: 27","id: 3, title: Building geometry and metadata",27,3
233,2017-05-03 09:15:45.110363+00:00,"[4, 3, 2, 1]",2,2,693,62,755,3,5,8,"[15, 17, 19]","[15, 17, 18, 19, 20]","id: 244, experienced: False, age: 27","id: 2, title: Building geometry and metadata",27,2
274,2017-05-03 12:18:01.639752+00:00,"[4, 2, 3, 1]",2,1,80,36,116,3,4,7,"[10, 11, 14]","[9, 12, 13, 14]","id: 270, experienced: True, age: 27","id: 2, title: Building geometry and metadata",27,2
338,2017-05-03 17:38:23.118808+00:00,"[4, 3, 2, 1]",1,3,77,105,182,6,5,11,"[15, 16, 17, 18, 19, 20]","[16, 17, 18, 19, 20]","id: 333, experienced: True, age: 27","id: 1, title: Building geometry and metadata",27,1
615,2017-05-05 12:10:01.160022+00:00,"[4, 1, 2, 3]",3,3,111,60,171,4,3,7,"[10, 11, 12, 14]","[9, 11, 12]","id: 506, experienced: False, age: 27","id: 3, title: Building geometry and metadata",27,3
398,2017-05-03 21:15:57.542433+00:00,"[4, 3, 2, 1]",3,1,75,54,129,6,5,11,"[15, 16, 17, 18, 19, 20]","[15, 16, 17, 19, 20]","id: 389, experienced: False, age: 27","id: 3, title: Building geometry and metadata",27,3
614,2017-05-05 12:06:51.277707+00:00,"[4, 1, 2, 3]",2,2,101,54,155,5,4,9,"[2, 3, 4, 5, 6]","[1, 3, 4, 6]","id: 506, experienced: False, age: 27","id: 2, title: Building geometry and metadata",27,2
613,2017-05-05 12:03:59.158559+00:00,"[4, 1, 2, 3]",1,1,89,42,131,4,4,8,"[15, 16, 17, 19]","[15, 18, 19, 20]","id: 506, experienced: False, age: 27","id: 1, title: Building geometry and metadata",27,1
236,2017-05-03 09:20:06.171490+00:00,"[4, 3, 2, 1]",1,3,167,58,225,6,6,12,"[1, 2, 3, 4, 5, 6]","[1, 2, 3, 4, 5, 6]","id: 244, experienced: False, age: 27","id: 1, title: Building geometry and metadata",27,1
335,2017-05-03 17:34:37.886723+00:00,"[4, 3, 2, 1]",2,2,127,80,207,6,5,11,"[9, 10, 11, 12, 13, 14]","[9, 10, 12, 13, 14]","id: 333, experienced: True, age: 27","id: 2, title: Building geometry and metadata",27,2
229,2017-05-03 09:02:49.019616+00:00,"[4, 3, 2, 1]",3,1,241,81,322,4,5,9,"[10, 11, 12, 14]","[9, 10, 12, 13, 14]","id: 244, experienced: False, age: 27","id: 3, title: Building geometry and metadata",27,3
374,2017-05-03 19:49:20.632227+00:00,"[4, 3, 1, 2]",3,1,95,64,159,6,6,12,"[1, 2, 3, 4, 5, 6]","[1, 2, 3, 4, 5, 6]","id: 366, experienced: False, age: 29","id: 3, title: Building geometry and metadata",29,3
362,2017-05-03 19:04:05.081724+00:00,"[4, 1, 3, 2]",2,3,96,53,149,4,3,7,"[10, 11, 12, 13]","[11, 12, 14]","id: 355, experienced: True, age: 29","id: 2, title: Building geometry and metadata",29,2
361,2017-05-03 19:01:14.345753+00:00,"[4, 1, 3, 2]",3,2,165,121,286,5,4,9,"[15, 16, 17, 19, 20]","[15, 16, 17, 19]","id: 355, experienced: True, age: 29","id: 3, title: Building geometry and metadata",29,3
378,2017-05-03 19:54:19.008080+00:00,"[4, 3, 1, 2]",2,3,101,27,128,6,6,12,"[9, 10, 11, 12, 13, 14]","[9, 10, 11, 12, 13, 14]","id: 366, experienced: False, age: 29","id: 2, title: Building geometry and metadata",29,2
360,2017-05-03 18:56:11.983939+00:00,"[4, 1, 3, 2]",1,1,93,70,163,6,5,11,"[1, 2, 3, 4, 5, 6]","[2, 3, 4, 5, 6]","id: 355, experienced: True, age: 29","id: 1, title: Building geometry and metadata",29,1
205,2017-05-03 07:18:41.303647+00:00,"[4, 2, 1, 3]",2,1,64,84,148,4,5,9,"[15, 16, 17, 19]","[15, 16, 18, 19, 20]","id: 230, experienced: True, age: 29","id: 2, title: Building geometry and metadata",29,2
208,2017-05-03 07:21:04.123694+00:00,"[4, 2, 1, 3]",1,2,66,44,110,4,6,10,"[10, 11, 12, 14]","[9, 10, 11, 12, 13, 14]","id: 230, experienced: True, age: 29","id: 1, title: Building geometry and metadata",29,1
210,2017-05-03 07:22:29.692708+00:00,"[4, 2, 1, 3]",3,3,39,32,71,6,5,11,"[1, 2, 3, 4, 5, 6]","[1, 2, 3, 4, 5]","id: 230, experienced: True, age: 29","id: 3, title: Building geometry and metadata",29,3
376,2017-05-03 19:51:48.074059+00:00,"[4, 3, 1, 2]",1,2,76,28,104,6,6,12,"[15, 16, 17, 18, 19, 20]","[15, 16, 17, 18, 19, 20]","id: 366, experienced: False, age: 29","id: 1, title: Building geometry and metadata",29,1
201,2017-05-02 13:47:44.183761+00:00,"[4, 1, 3, 2]",3,2,72,62,134,4,3,7,"[10, 11, 12, 14]","[9, 13, 14]","id: 227, experienced: False, age: 30","id: 3, title: Building geometry and metadata",30,3
437,2017-05-04 09:28:19.780880+00:00,"[4, 1, 2, 3]",1,1,118,103,221,6,5,11,"[1, 2, 3, 4, 5, 6]","[2, 3, 4, 5, 6]","id: 417, experienced: True, age: 30","id: 1, title: Building geometry and metadata",30,1
202,2017-05-02 13:49:39.140250+00:00,"[4, 1, 3, 2]",2,3,61,36,97,5,3,8,"[2, 3, 4, 5, 6]","[1, 4, 5]","id: 227, experienced: False, age: 30","id: 2, title: Building geometry and metadata",30,2
753,2017-05-08 06:49:46.664268+00:00,"[4, 2, 3, 1]",1,3,71,32,103,5,6,11,"[10, 11, 12, 13, 14]","[9, 10, 11, 12, 13, 14]","id: 573, experienced: True, age: 30","id: 1, title: Building geometry and metadata",30,1
200,2017-05-02 13:45:14.736471+00:00,"[4, 1, 3, 2]",1,1,69,73,142,5,4,9,"[15, 16, 17, 19, 20]","[17, 18, 19, 20]","id: 227, experienced: False, age: 30","id: 1, title: Building geometry and metadata",30,1
751,2017-05-08 06:44:42.778540+00:00,"[4, 2, 3, 1]",2,1,90,43,133,6,4,10,"[15, 16, 17, 18, 19, 20]","[15, 17, 18, 20]","id: 573, experienced: True, age: 30","id: 2, title: Building geometry and metadata",30,2
752,2017-05-08 06:47:23.243297+00:00,"[4, 2, 3, 1]",3,2,90,36,126,6,5,11,"[1, 2, 3, 4, 5, 6]","[1, 2, 3, 4, 5]","id: 573, experienced: True, age: 30","id: 3, title: Building geometry and metadata",30,3
315,2017-05-03 15:17:16.298134+00:00,"[4, 1, 2, 3]",2,2,90,52,142,4,4,8,"[10, 11, 12, 14]","[9, 12, 13, 14]","id: 298, experienced: True, age: 31","id: 2, title: Building geometry and metadata",31,2
779,2017-05-08 11:06:54.918900+00:00,"[4, 1, 2, 3]",1,1,78,53,131,4,5,9,"[10, 11, 12, 14]","[9, 10, 12, 13, 14]","id: 590, experienced: False, age: 31","id: 1, title: Building geometry and metadata",31,1
780,2017-05-08 11:09:07.054057+00:00,"[4, 1, 2, 3]",2,2,69,46,115,5,4,9,"[15, 16, 17, 19, 20]","[15, 17, 18, 20]","id: 590, experienced: False, age: 31","id: 2, title: Building geometry and metadata",31,2
781,2017-05-08 11:11:51.289874+00:00,"[4, 1, 2, 3]",3,3,101,51,152,6,4,10,"[1, 2, 3, 4, 5, 6]","[1, 3, 4, 5]","id: 590, experienced: False, age: 31","id: 3, title: Building geometry and metadata",31,3
278,2017-05-03 12:37:45.100272+00:00,"[4, 3, 2, 1]",1,3,59,28,87,6,5,11,"[1, 2, 3, 4, 5, 6]","[1, 2, 3, 4, 5]","id: 273, experienced: True, age: 31","id: 1, title: Building geometry and metadata",31,1
276,2017-05-03 12:33:40.456952+00:00,"[4, 3, 2, 1]",3,1,67,56,123,3,5,8,"[11, 12, 14]","[9, 10, 12, 13, 14]","id: 273, experienced: True, age: 31","id: 3, title: Building geometry and metadata",31,3
277,2017-05-03 12:35:35.674686+00:00,"[4, 3, 2, 1]",2,2,66,31,97,5,5,10,"[15, 16, 17, 18, 19]","[15, 17, 18, 19, 20]","id: 273, experienced: True, age: 31","id: 2, title: Building geometry and metadata",31,2
314,2017-05-03 15:14:29.242774+00:00,"[4, 1, 2, 3]",1,1,77,68,145,6,5,11,"[1, 2, 3, 4, 5, 6]","[1, 2, 3, 4, 5]","id: 298, experienced: True, age: 31","id: 1, title: Building geometry and metadata",31,1
224,2017-05-03 08:03:22.428498+00:00,"[4, 3, 2, 1]",1,3,71,87,158,5,6,11,"[15, 16, 17, 18, 19]","[15, 16, 17, 18, 19, 20]","id: 238, experienced: True, age: 32","id: 1, title: Building geometry and metadata",32,1
450,2017-05-04 11:28:11.745690+00:00,"[4, 1, 3, 2]",3,2,54,33,87,4,5,9,"[10, 11, 12, 14]","[9, 10, 12, 13, 14]","id: 418, experienced: False, age: 32","id: 3, title: Building geometry and metadata",32,3
222,2017-05-03 08:00:11.720747+00:00,"[4, 3, 2, 1]",2,2,75,78,153,6,5,11,"[9, 10, 11, 12, 13, 14]","[9, 11, 12, 13, 14]","id: 238, experienced: True, age: 32","id: 2, title: Building geometry and metadata",32,2
451,2017-05-04 11:30:02.544495+00:00,"[4, 1, 3, 2]",2,3,68,23,91,6,6,12,"[1, 2, 3, 4, 5, 6]","[1, 2, 3, 4, 5, 6]","id: 418, experienced: False, age: 32","id: 2, title: Building geometry and metadata",32,2
449,2017-05-04 11:26:28.427262+00:00,"[4, 1, 3, 2]",1,1,111,36,147,5,6,11,"[15, 16, 17, 18, 19]","[15, 16, 17, 18, 19, 20]","id: 418, experienced: False, age: 32","id: 1, title: Building geometry and metadata",32,1
219,2017-05-03 07:57:21.551473+00:00,"[4, 3, 2, 1]",3,1,86,93,179,6,4,10,"[1, 2, 3, 4, 5, 6]","[1, 3, 4, 5]","id: 238, experienced: True, age: 32","id: 3, title: Building geometry and metadata",32,3
804,2017-05-08 22:07:38.431468+00:00,"[4, 1, 3, 2]",3,2,42,49,91,3,5,8,"[11, 12, 14]","[9, 10, 11, 12, 13]","id: 596, experienced: True, age: 33","id: 3, title: Building geometry and metadata",33,3
669,2017-05-05 19:57:37.951020+00:00,"[4, 3, 1, 2]",2,3,53,23,76,6,6,12,"[9, 10, 11, 12, 13, 14]","[9, 10, 11, 12, 13, 14]","id: 537, experienced: True, age: 33","id: 2, title: Building geometry and metadata",33,2
668,2017-05-05 19:56:04.497199+00:00,"[4, 3, 1, 2]",1,2,139,47,186,5,6,11,"[15, 16, 17, 18, 19]","[15, 16, 17, 18, 19, 20]","id: 537, experienced: True, age: 33","id: 1, title: Building geometry and metadata",33,1
667,2017-05-05 19:52:15.433360+00:00,"[4, 3, 1, 2]",3,1,226,61,287,6,5,11,"[1, 2, 3, 4, 5, 6]","[1, 2, 3, 4, 5]","id: 537, experienced: True, age: 33","id: 3, title: Building geometry and metadata",33,3
805,2017-05-08 22:09:31.573486+00:00,"[4, 1, 3, 2]",2,3,46,28,74,4,6,10,"[1, 4, 5, 6]","[1, 2, 3, 4, 5, 6]","id: 596, experienced: True, age: 33","id: 2, title: Building geometry and metadata",33,2
803,2017-05-08 22:05:51.272591+00:00,"[4, 1, 3, 2]",1,1,46,33,79,3,6,9,"[17, 18, 19]","[15, 16, 17, 18, 19, 20]","id: 596, experienced: True, age: 33","id: 1, title: Building geometry and metadata",33,1
812,2017-05-09 08:23:50.446389+00:00,"[4, 2, 1, 3]",3,3,105,81,186,6,4,10,"[1, 2, 3, 4, 5, 6]","[1, 3, 4, 6]","id: 597, experienced: True, age: 34","id: 3, title: Building geometry and metadata",34,3
415,2017-05-04 07:00:22.979553+00:00,"[4, 3, 1, 2]",2,3,101,62,163,6,5,11,"[1, 2, 3, 4, 5, 6]","[1, 2, 3, 4, 5]","id: 406, experienced: True, age: 34","id: 2, title: Building geometry and metadata",34,2
414,2017-05-04 06:57:21.824464+00:00,"[4, 3, 1, 2]",1,2,95,52,147,4,6,10,"[9, 10, 13, 14]","[9, 10, 11, 12, 13, 14]","id: 406, experienced: True, age: 34","id: 1, title: Building geometry and metadata",34,1
413,2017-05-04 06:54:18.455165+00:00,"[4, 3, 1, 2]",3,1,74,66,140,6,3,9,"[15, 16, 17, 18, 19, 20]","[17, 19, 20]","id: 406, experienced: True, age: 34","id: 3, title: Building geometry and metadata",34,3
807,2017-05-09 08:08:54.940680+00:00,"[4, 2, 1, 3]",2,1,208,143,351,5,4,9,"[15, 16, 17, 18, 19]","[15, 16, 18, 20]","id: 597, experienced: True, age: 34","id: 2, title: Building geometry and metadata",34,2
427,2017-05-04 07:50:04.952192+00:00,"[4, 1, 3, 2]",2,3,46,42,88,6,5,11,"[1, 2, 3, 4, 5, 6]","[1, 3, 4, 5, 6]","id: 409, experienced: False, age: 34","id: 2, title: Building geometry and metadata",34,2
810,2017-05-09 08:20:27.027452+00:00,"[4, 2, 1, 3]",1,2,105,544,649,4,6,10,"[10, 11, 12, 14]","[9, 10, 11, 12, 13, 14]","id: 597, experienced: True, age: 34","id: 1, title: Building geometry and metadata",34,1
561,2017-05-05 10:15:35.287387+00:00,"[4, 3, 2, 1]",2,2,83,148,231,6,5,11,"[1, 2, 3, 4, 5, 6]","[2, 3, 4, 5, 6]","id: 472, experienced: True, age: 34","id: 2, title: Building geometry and metadata",34,2
285,2017-05-03 12:58:56.018468+00:00,"[4, 3, 1, 2]",3,1,123,74,197,5,5,10,"[10, 11, 12, 13, 14]","[9, 10, 12, 13, 14]","id: 277, experienced: True, age: 34","id: 3, title: Building geometry and metadata",34,3
425,2017-05-04 07:45:48.595265+00:00,"[4, 1, 3, 2]",1,1,96,111,207,6,5,11,"[15, 16, 17, 18, 19, 20]","[15, 17, 18, 19, 20]","id: 409, experienced: False, age: 34","id: 1, title: Building geometry and metadata",34,1
288,2017-05-03 13:04:30.925160+00:00,"[4, 3, 1, 2]",2,3,74,31,105,5,4,9,"[15, 16, 17, 19, 20]","[15, 17, 19, 20]","id: 277, experienced: True, age: 34","id: 2, title: Building geometry and metadata",34,2
426,2017-05-04 07:48:20.980368+00:00,"[4, 1, 3, 2]",3,2,59,48,107,5,4,9,"[9, 10, 11, 12, 14]","[9, 10, 13, 14]","id: 409, experienced: False, age: 34","id: 3, title: Building geometry and metadata",34,3
350,2017-05-03 18:34:47.689346+00:00,"[4, 3, 2, 1]",3,1,46,66,112,6,4,10,"[15, 16, 17, 18, 19, 20]","[15, 16, 18, 20]","id: 350, experienced: True, age: 34","id: 3, title: Building geometry and metadata",34,3
352,2017-05-03 18:36:50.114609+00:00,"[4, 3, 2, 1]",2,2,65,38,103,4,6,10,"[9, 10, 12, 14]","[9, 10, 11, 12, 13, 14]","id: 350, experienced: True, age: 34","id: 2, title: Building geometry and metadata",34,2
573,2017-05-05 10:33:40.973103+00:00,"[4, 3, 2, 1]",1,3,79,167,246,4,5,9,"[10, 11, 12, 14]","[10, 11, 12, 13, 14]","id: 472, experienced: True, age: 34","id: 1, title: Building geometry and metadata",34,1
353,2017-05-03 18:38:23.543983+00:00,"[4, 3, 2, 1]",1,3,32,25,57,6,6,12,"[1, 2, 3, 4, 5, 6]","[1, 2, 3, 4, 5, 6]","id: 350, experienced: True, age: 34","id: 1, title: Building geometry and metadata",34,1
287,2017-05-03 13:02:27.144708+00:00,"[4, 3, 1, 2]",1,2,96,79,175,4,4,8,"[3, 4, 5, 6]","[1, 2, 4, 5]","id: 277, experienced: True, age: 34","id: 1, title: Building geometry and metadata",34,1
558,2017-05-05 10:11:11.620016+00:00,"[4, 3, 2, 1]",3,1,115,188,303,5,4,9,"[15, 16, 17, 18, 19]","[17, 18, 19, 20]","id: 472, experienced: True, age: 34","id: 3, title: Building geometry and metadata",34,3
746,2017-05-08 06:28:10.347872+00:00,"[4, 1, 2, 3]",2,2,62,55,117,6,5,11,"[1, 2, 3, 4, 5, 6]","[1, 3, 4, 5, 6]","id: 570, experienced: True, age: 35","id: 2, title: Building geometry and metadata",35,2
706,2017-05-06 19:06:30.586769+00:00,"[4, 2, 1, 3]",2,1,138,98,236,5,4,9,"[10, 11, 12, 13, 14]","[9, 10, 13, 14]","id: 554, experienced: True, age: 35","id: 2, title: Building geometry and metadata",35,2
747,2017-05-08 06:29:49.985667+00:00,"[4, 1, 2, 3]",3,3,52,37,89,4,4,8,"[15, 17, 18, 19]","[15, 17, 18, 20]","id: 570, experienced: True, age: 35","id: 3, title: Building geometry and metadata",35,3
743,2017-05-08 06:14:18.425255+00:00,"[4, 1, 2, 3]",1,1,79,389,468,3,5,8,"[10, 11, 12]","[10, 11, 12, 13, 14]","id: 570, experienced: True, age: 35","id: 1, title: Building geometry and metadata",35,1
464,2017-05-04 12:05:20.071040+00:00,"[4, 1, 3, 2]",3,2,68,67,135,5,3,8,"[15, 16, 17, 18, 19]","[17, 18, 20]","id: 428, experienced: True, age: 36","id: 3, title: Building geometry and metadata",36,3
465,2017-05-04 12:08:28.816603+00:00,"[4, 1, 3, 2]",2,3,79,80,159,6,2,8,"[9, 10, 11, 12, 13, 14]","[9, 12]","id: 428, experienced: True, age: 36","id: 2, title: Building geometry and metadata",36,2
380,2017-05-03 20:14:39.945478+00:00,"[4, 1, 3, 2]",1,1,58,76,134,5,4,9,"[15, 16, 17, 18, 19]","[15, 18, 19, 20]","id: 373, experienced: True, age: 36","id: 1, title: Building geometry and metadata",36,1
659,2017-05-05 18:02:08.657868+00:00,"[4, 1, 3, 2]",1,1,126,86,212,5,4,9,"[9, 10, 11, 12, 14]","[9, 10, 13, 14]","id: 534, experienced: True, age: 36","id: 1, title: Building geometry and metadata",36,1
381,2017-05-03 20:16:49.255207+00:00,"[4, 1, 3, 2]",3,2,69,46,115,5,4,9,"[9, 10, 11, 12, 14]","[9, 10, 13, 14]","id: 373, experienced: True, age: 36","id: 3, title: Building geometry and metadata",36,3
536,2017-05-05 07:48:57.731096+00:00,"[4, 3, 2, 1]",1,3,93,95,188,5,6,11,"[15, 16, 17, 18, 19]","[15, 16, 17, 18, 19, 20]","id: 460, experienced: True, age: 36","id: 1, title: Building geometry and metadata",36,1
533,2017-05-05 07:45:07.089153+00:00,"[4, 3, 2, 1]",2,2,104,95,199,6,5,11,"[1, 2, 3, 4, 5, 6]","[2, 3, 4, 5, 6]","id: 460, experienced: True, age: 36","id: 2, title: Building geometry and metadata",36,2
530,2017-05-05 07:41:28.320348+00:00,"[4, 3, 2, 1]",3,1,122,134,256,5,4,9,"[10, 11, 12, 13, 14]","[9, 10, 13, 14]","id: 460, experienced: True, age: 36","id: 3, title: Building geometry and metadata",36,3
661,2017-05-05 18:11:50.799770+00:00,"[4, 1, 3, 2]",2,3,163,101,264,6,3,9,"[1, 2, 3, 4, 5, 6]","[1, 3, 4]","id: 534, experienced: True, age: 36","id: 2, title: Building geometry and metadata",36,2
382,2017-05-03 20:19:02.342805+00:00,"[4, 1, 3, 2]",2,3,58,58,116,6,4,10,"[1, 2, 3, 4, 5, 6]","[1, 2, 4, 5]","id: 373, experienced: True, age: 36","id: 2, title: Building geometry and metadata",36,2
302,2017-05-03 14:47:23.209489+00:00,"[4, 3, 2, 1]",2,2,74,25,99,4,3,7,"[15, 18, 19, 20]","[15, 17, 18]","id: 292, experienced: True, age: 36","id: 2, title: Building geometry and metadata",36,2
301,2017-05-03 14:45:17.880014+00:00,"[4, 3, 2, 1]",3,1,113,56,169,2,4,6,"[4, 5]","[1, 2, 3, 5]","id: 292, experienced: True, age: 36","id: 3, title: Building geometry and metadata",36,3
462,2017-05-04 12:02:49.473509+00:00,"[4, 1, 3, 2]",1,1,137,157,294,5,3,8,"[1, 3, 4, 5, 6]","[3, 5, 6]","id: 428, experienced: True, age: 36","id: 1, title: Building geometry and metadata",36,1
660,2017-05-05 18:07:07.736920+00:00,"[4, 1, 3, 2]",3,2,147,135,282,6,4,10,"[15, 16, 17, 18, 19, 20]","[15, 18, 19, 20]","id: 534, experienced: True, age: 36","id: 3, title: Building geometry and metadata",36,3
422,2017-05-04 07:23:24.403223+00:00,"[4, 1, 2, 3]",2,2,87,34,121,5,5,10,"[15, 16, 17, 18, 19]","[15, 17, 18, 19, 20]","id: 408, experienced: True, age: 37","id: 2, title: Building geometry and metadata",37,2
423,2017-05-04 07:26:01.251471+00:00,"[4, 1, 2, 3]",3,3,106,38,144,5,6,11,"[2, 3, 4, 5, 6]","[1, 2, 3, 4, 5, 6]","id: 408, experienced: True, age: 37","id: 3, title: Building geometry and metadata",37,3
420,2017-05-04 07:21:05.099894+00:00,"[4, 1, 2, 3]",1,1,80,54,134,6,5,11,"[9, 10, 11, 12, 13, 14]","[9, 10, 12, 13, 14]","id: 408, experienced: True, age: 37","id: 1, title: Building geometry and metadata",37,1
385,2017-05-03 20:36:14.128839+00:00,"[4, 1, 2, 3]",2,2,151,78,229,6,4,10,"[1, 2, 3, 4, 5, 6]","[1, 2, 4, 6]","id: 380, experienced: True, age: 38","id: 2, title: Building geometry and metadata",38,2
384,2017-05-03 20:32:01.159165+00:00,"[4, 1, 2, 3]",1,1,189,43,232,4,5,9,"[16, 17, 18, 19]","[15, 16, 17, 18, 19]","id: 380, experienced: True, age: 38","id: 1, title: Building geometry and metadata",38,1
509,2017-05-05 06:33:35.491302+00:00,"[4, 3, 1, 2]",1,2,53,64,117,6,4,10,"[1, 2, 3, 4, 5, 6]","[1, 2, 4, 5]","id: 452, experienced: True, age: 38","id: 1, title: Building geometry and metadata",38,1
511,2017-05-05 06:35:38.727826+00:00,"[4, 3, 1, 2]",2,3,47,59,106,5,3,8,"[10, 11, 12, 13, 14]","[9, 12, 13]","id: 452, experienced: True, age: 38","id: 2, title: Building geometry and metadata",38,2
508,2017-05-05 06:31:05.824291+00:00,"[4, 3, 1, 2]",3,1,75,79,154,6,4,10,"[15, 16, 17, 18, 19, 20]","[15, 17, 18, 20]","id: 452, experienced: True, age: 38","id: 3, title: Building geometry and metadata",38,3
386,2017-05-03 20:40:01.817097+00:00,"[4, 1, 2, 3]",3,3,102,107,209,2,3,5,"[10, 14]","[10, 11, 12]","id: 380, experienced: True, age: 38","id: 3, title: Building geometry and metadata",38,3
410,2017-05-04 05:27:48.933633+00:00,"[4, 2, 1, 3]",1,2,88,45,133,5,6,11,"[1, 3, 4, 5, 6]","[1, 2, 3, 4, 5, 6]","id: 402, experienced: True, age: 39","id: 1, title: Building geometry and metadata",39,1
409,2017-05-04 05:24:43.611541+00:00,"[4, 2, 1, 3]",2,1,118,67,185,3,6,9,"[10, 12, 14]","[9, 10, 11, 12, 13, 14]","id: 402, experienced: True, age: 39","id: 2, title: Building geometry and metadata",39,2
411,2017-05-04 05:30:17.854450+00:00,"[4, 2, 1, 3]",3,3,95,33,128,2,6,8,"[17, 19]","[15, 16, 17, 18, 19, 20]","id: 402, experienced: True, age: 39","id: 3, title: Building geometry and metadata",39,3
532,2017-05-05 07:44:49.156969+00:00,"[4, 1, 3, 2]",1,1,148,120,268,5,5,10,"[9, 10, 11, 12, 13]","[9, 10, 12, 13, 14]","id: 462, experienced: True, age: 39","id: 1, title: Building geometry and metadata",39,1
535,2017-05-05 07:47:24.059484+00:00,"[4, 1, 3, 2]",3,2,81,55,136,5,3,8,"[15, 16, 17, 19, 20]","[15, 18, 20]","id: 462, experienced: True, age: 39","id: 3, title: Building geometry and metadata",39,3
537,2017-05-05 07:50:37.996845+00:00,"[4, 1, 3, 2]",2,3,125,49,174,5,3,8,"[1, 3, 4, 5, 6]","[1, 3, 4]","id: 462, experienced: True, age: 39","id: 2, title: Building geometry and metadata",39,2
515,2017-05-05 06:43:27.639834+00:00,"[4, 3, 2, 1]",3,1,104,61,165,4,5,9,"[15, 16, 17, 19]","[15, 17, 18, 19, 20]","id: 454, experienced: True, age: 40","id: 3, title: Building geometry and metadata",40,3
517,2017-05-05 06:48:22.965911+00:00,"[4, 3, 2, 1]",1,3,63,30,93,4,6,10,"[10, 11, 12, 14]","[9, 10, 11, 12, 13, 14]","id: 454, experienced: True, age: 40","id: 1, title: Building geometry and metadata",40,1
357,2017-05-03 18:47:58.906560+00:00,"[4, 3, 2, 1]",1,3,92,76,168,6,5,11,"[9, 10, 11, 12, 13, 14]","[9, 10, 12, 13, 14]","id: 351, experienced: True, age: 40","id: 1, title: Building geometry and metadata",40,1
355,2017-05-03 18:44:34.282617+00:00,"[4, 3, 2, 1]",2,2,119,42,161,5,4,9,"[15, 16, 17, 19, 20]","[15, 17, 18, 20]","id: 351, experienced: True, age: 40","id: 2, title: Building geometry and metadata",40,2
735,2017-05-08 05:10:12.807494+00:00,"[4, 2, 1, 3]",2,1,82,69,151,3,5,8,"[2, 3, 5]","[1, 2, 3, 4, 5]","id: 566, experienced: False, age: 40","id: 2, title: Building geometry and metadata",40,2
516,2017-05-05 06:46:14.099573+00:00,"[4, 3, 2, 1]",2,2,71,58,129,6,3,9,"[1, 2, 3, 4, 5, 6]","[1, 4, 6]","id: 454, experienced: True, age: 40","id: 2, title: Building geometry and metadata",40,2
347,2017-05-03 17:58:42.446365+00:00,"[4, 2, 1, 3]",3,3,150,68,218,5,3,8,"[1, 3, 4, 5, 6]","[1, 3, 4]","id: 340, experienced: True, age: 40","id: 3, title: Building geometry and metadata",40,3
354,2017-05-03 18:41:25.739729+00:00,"[4, 3, 2, 1]",3,1,224,75,299,6,4,10,"[1, 2, 3, 4, 5, 6]","[1, 3, 4, 5]","id: 351, experienced: True, age: 40","id: 3, title: Building geometry and metadata",40,3
343,2017-05-03 17:50:31.213552+00:00,"[4, 2, 1, 3]",2,1,103,115,218,3,4,7,"[10, 12, 14]","[9, 10, 13, 14]","id: 340, experienced: True, age: 40","id: 2, title: Building geometry and metadata",40,2
345,2017-05-03 17:54:42.234377+00:00,"[4, 2, 1, 3]",1,2,118,76,194,6,6,12,"[15, 16, 17, 18, 19, 20]","[15, 16, 17, 18, 19, 20]","id: 340, experienced: True, age: 40","id: 1, title: Building geometry and metadata",40,1
737,2017-05-08 05:16:29.016524+00:00,"[4, 2, 1, 3]",3,3,126,59,185,4,5,9,"[10, 11, 12, 14]","[9, 10, 12, 13, 14]","id: 566, experienced: False, age: 40","id: 3, title: Building geometry and metadata",40,3
736,2017-05-08 05:13:09.403054+00:00,"[4, 2, 1, 3]",1,2,95,37,132,4,6,10,"[15, 16, 17, 19]","[15, 16, 17, 18, 19, 20]","id: 566, experienced: False, age: 40","id: 1, title: Building geometry and metadata",40,1
789,2017-05-08 13:07:42.464134+00:00,"[4, 2, 1, 3]",3,3,116,68,184,5,5,10,"[10, 11, 12, 13, 14]","[9, 10, 12, 13, 14]","id: 591, experienced: False, age: 40","id: 3, title: Building geometry and metadata",40,3
788,2017-05-08 13:04:25.733854+00:00,"[4, 2, 1, 3]",1,2,80,69,149,6,5,11,"[1, 2, 3, 4, 5, 6]","[2, 3, 4, 5, 6]","id: 591, experienced: False, age: 40","id: 1, title: Building geometry and metadata",40,1
787,2017-05-08 13:01:11.514579+00:00,"[4, 2, 1, 3]",2,1,104,188,292,6,4,10,"[15, 16, 17, 18, 19, 20]","[15, 17, 18, 19]","id: 591, experienced: False, age: 40","id: 2, title: Building geometry and metadata",40,2
565,2017-05-05 10:18:13.806053+00:00,"[4, 1, 2, 3]",3,3,26,18,44,4,5,9,"[15, 16, 19, 20]","[15, 17, 18, 19, 20]","id: 455, experienced: True, age: 41","id: 3, title: Building geometry and metadata",41,3
563,2017-05-05 10:17:17.719209+00:00,"[4, 1, 2, 3]",2,2,23,29,52,3,5,8,"[10, 11, 12]","[9, 11, 12, 13, 14]","id: 455, experienced: True, age: 41","id: 2, title: Building geometry and metadata",41,2
235,2017-05-03 09:16:54.589291+00:00,"[4, 1, 2, 3]",1,1,104,68,172,5,5,10,"[15, 16, 18, 19, 20]","[15, 17, 18, 19, 20]","id: 245, experienced: True, age: 42","id: 1, title: Building geometry and metadata",42,1
531,2017-05-05 07:43:29.337658+00:00,"[4, 1, 2, 3]",2,2,97,79,176,6,5,11,"[15, 16, 17, 18, 19, 20]","[15, 17, 18, 19, 20]","id: 456, experienced: True, age: 42","id: 2, title: Building geometry and metadata",42,2
529,2017-05-05 07:40:01.173398+00:00,"[4, 1, 2, 3]",1,1,540,115,655,5,5,10,"[2, 3, 4, 5, 6]","[1, 2, 3, 4, 5]","id: 456, experienced: True, age: 42","id: 1, title: Building geometry and metadata",42,1
237,2017-05-03 09:20:35.437170+00:00,"[4, 1, 2, 3]",2,2,160,38,198,4,4,8,"[10, 11, 12, 14]","[9, 11, 13, 14]","id: 245, experienced: True, age: 42","id: 2, title: Building geometry and metadata",42,2
238,2017-05-03 09:25:10.264095+00:00,"[4, 1, 2, 3]",3,3,183,75,258,4,3,7,"[3, 4, 5, 6]","[1, 3, 4]","id: 245, experienced: True, age: 42","id: 3, title: Building geometry and metadata",42,3
555,2017-05-05 10:00:29.451699+00:00,"[4, 3, 1, 2]",2,3,55,24,79,6,4,10,"[9, 10, 11, 12, 13, 14]","[9, 10, 12, 13]","id: 471, experienced: True, age: 42","id: 2, title: Building geometry and metadata",42,2
554,2017-05-05 09:58:51.902544+00:00,"[4, 3, 1, 2]",1,2,60,47,107,5,4,9,"[15, 16, 17, 19, 20]","[17, 18, 19, 20]","id: 471, experienced: True, age: 42","id: 1, title: Building geometry and metadata",42,1
553,2017-05-05 09:56:27.882450+00:00,"[4, 3, 1, 2]",3,1,51,47,98,5,4,9,"[1, 3, 4, 5, 6]","[1, 2, 3, 4]","id: 471, experienced: True, age: 42","id: 3, title: Building geometry and metadata",42,3
534,2017-05-05 07:46:56.973745+00:00,"[4, 1, 2, 3]",3,3,108,78,186,6,5,11,"[9, 10, 11, 12, 13, 14]","[9, 10, 12, 13, 14]","id: 456, experienced: True, age: 42","id: 3, title: Building geometry and metadata",42,3
307,2017-05-03 15:10:30.784334+00:00,"[4, 3, 1, 2]",3,1,93,64,157,6,6,12,"[9, 10, 11, 12, 13, 14]","[9, 10, 11, 12, 13, 14]","id: 296, experienced: True, age: 43","id: 3, title: Building geometry and metadata",43,3
311,2017-05-03 15:12:45.750397+00:00,"[4, 3, 1, 2]",1,2,63,36,99,6,6,12,"[1, 2, 3, 4, 5, 6]","[1, 2, 3, 4, 5, 6]","id: 296, experienced: True, age: 43","id: 1, title: Building geometry and metadata",43,1
514,2017-05-05 06:42:17.976154+00:00,"[4, 2, 3, 1]",1,3,87,98,185,6,5,11,"[1, 2, 3, 4, 5, 6]","[1, 3, 4, 5, 6]","id: 451, experienced: True, age: 43","id: 1, title: Building geometry and metadata",43,1
313,2017-05-03 15:14:23.432081+00:00,"[4, 3, 1, 2]",2,3,50,28,78,5,6,11,"[15, 16, 17, 18, 19]","[15, 16, 17, 18, 19, 20]","id: 296, experienced: True, age: 43","id: 2, title: Building geometry and metadata",43,2
512,2017-05-05 06:38:35.541600+00:00,"[4, 2, 3, 1]",3,2,110,58,168,5,4,9,"[15, 16, 17, 18, 19]","[15, 17, 18, 19]","id: 451, experienced: True, age: 43","id: 3, title: Building geometry and metadata",43,3
510,2017-05-05 06:35:21.589073+00:00,"[4, 2, 3, 1]",2,1,105,115,220,5,4,9,"[10, 11, 12, 13, 14]","[9, 10, 13, 14]","id: 451, experienced: True, age: 43","id: 2, title: Building geometry and metadata",43,2
403,2017-05-03 21:57:13.003321+00:00,"[4, 1, 2, 3]",3,3,124,29,153,6,6,12,"[15, 16, 17, 18, 19, 20]","[15, 16, 17, 18, 19, 20]","id: 391, experienced: True, age: 44","id: 3, title: Building geometry and metadata",44,3
813,2017-05-09 08:24:53.189354+00:00,"[4, 2, 3, 1]",1,3,98,91,189,5,5,10,"[10, 11, 12, 13, 14]","[10, 11, 12, 13, 14]","id: 598, experienced: True, age: 44","id: 1, title: Building geometry and metadata",44,1
811,2017-05-09 08:21:01.577451+00:00,"[4, 2, 3, 1]",3,2,69,47,116,4,4,8,"[2, 3, 4, 5]","[2, 3, 5, 6]","id: 598, experienced: True, age: 44","id: 3, title: Building geometry and metadata",44,3
809,2017-05-09 08:18:29.450277+00:00,"[4, 2, 3, 1]",2,1,67,89,156,4,4,8,"[15, 16, 17, 19]","[15, 16, 17, 19]","id: 598, experienced: True, age: 44","id: 2, title: Building geometry and metadata",44,2
543,2017-05-05 08:12:13.601514+00:00,"[4, 3, 1, 2]",2,3,70,56,126,6,6,12,"[15, 16, 17, 18, 19, 20]","[15, 16, 17, 18, 19, 20]","id: 465, experienced: True, age: 44","id: 2, title: Building geometry and metadata",44,2
541,2017-05-05 08:09:46.038820+00:00,"[4, 3, 1, 2]",1,2,75,54,129,6,6,12,"[1, 2, 3, 4, 5, 6]","[1, 2, 3, 4, 5, 6]","id: 465, experienced: True, age: 44","id: 1, title: Building geometry and metadata",44,1
540,2017-05-05 08:06:40.134287+00:00,"[4, 3, 1, 2]",3,1,116,158,274,5,5,10,"[10, 11, 12, 13, 14]","[9, 10, 12, 13, 14]","id: 465, experienced: True, age: 44","id: 3, title: Building geometry and metadata",44,3
365,2017-05-03 19:09:33.969990+00:00,"[4, 1, 2, 3]",1,1,92,72,164,4,6,10,"[10, 12, 13, 14]","[9, 10, 11, 12, 13, 14]","id: 359, experienced: True, age: 44","id: 1, title: Building geometry and metadata",44,1
401,2017-05-03 21:46:47.186550+00:00,"[4, 1, 2, 3]",1,1,425,112,537,6,6,12,"[1, 2, 3, 4, 5, 6]","[1, 2, 3, 4, 5, 6]","id: 391, experienced: True, age: 44","id: 1, title: Building geometry and metadata",44,1
402,2017-05-03 21:54:12.877433+00:00,"[4, 1, 2, 3]",2,2,326,42,368,6,6,12,"[9, 10, 11, 12, 13, 14]","[9, 10, 11, 12, 13, 14]","id: 391, experienced: True, age: 44","id: 2, title: Building geometry and metadata",44,2
635,2017-05-05 13:18:58.198327+00:00,"[4, 3, 2, 1]",1,3,39,38,77,6,5,11,"[9, 10, 11, 12, 13, 14]","[9, 10, 11, 12, 13]","id: 516, experienced: False, age: 45","id: 1, title: Building geometry and metadata",45,1
295,2017-05-03 14:00:08.935767+00:00,"[4, 3, 1, 2]",1,2,94,30,124,6,5,11,"[9, 10, 11, 12, 13, 14]","[9, 10, 12, 13, 14]","id: 284, experienced: True, age: 45","id: 1, title: Building geometry and metadata",45,1
293,2017-05-03 13:57:22.967173+00:00,"[4, 3, 1, 2]",3,1,120,98,218,6,4,10,"[1, 2, 3, 4, 5, 6]","[1, 3, 4, 5]","id: 284, experienced: True, age: 45","id: 3, title: Building geometry and metadata",45,3
633,2017-05-05 13:15:17.494697+00:00,"[4, 3, 2, 1]",3,1,43,64,107,4,3,7,"[2, 4, 5, 6]","[1, 3, 4]","id: 516, experienced: False, age: 45","id: 3, title: Building geometry and metadata",45,3
297,2017-05-03 14:02:42.419175+00:00,"[4, 3, 1, 2]",2,3,103,29,132,6,4,10,"[15, 16, 17, 18, 19, 20]","[15, 17, 18, 20]","id: 284, experienced: True, age: 45","id: 2, title: Building geometry and metadata",45,2
634,2017-05-05 13:17:08.626462+00:00,"[4, 3, 2, 1]",2,2,50,40,90,5,4,9,"[15, 16, 17, 18, 19]","[15, 17, 18, 20]","id: 516, experienced: False, age: 45","id: 2, title: Building geometry and metadata",45,2
567,2017-05-05 10:25:39.679592+00:00,"[4, 1, 3, 2]",1,1,134,98,232,5,4,9,"[2, 3, 4, 5, 6]","[1, 2, 4, 5]","id: 474, experienced: True, age: 45","id: 1, title: Building geometry and metadata",45,1
568,2017-05-05 10:28:24.729599+00:00,"[4, 1, 3, 2]",3,2,84,55,139,4,5,9,"[15, 16, 17, 19]","[15, 17, 18, 19, 20]","id: 474, experienced: True, age: 45","id: 3, title: Building geometry and metadata",45,3
570,2017-05-05 10:30:58.355734+00:00,"[4, 1, 3, 2]",2,3,83,43,126,4,5,9,"[10, 11, 12, 14]","[9, 10, 12, 13, 14]","id: 474, experienced: True, age: 45","id: 2, title: Building geometry and metadata",45,2
593,2017-05-05 10:55:51.423639+00:00,"[4, 2, 3, 1]",1,3,75,30,105,4,4,8,"[15, 17, 18, 20]","[16, 18, 19, 20]","id: 476, experienced: True, age: 46","id: 1, title: Building geometry and metadata",46,1
589,2017-05-05 10:53:31.025975+00:00,"[4, 2, 3, 1]",3,2,76,59,135,3,5,8,"[10, 11, 12]","[9, 11, 12, 13, 14]","id: 476, experienced: True, age: 46","id: 3, title: Building geometry and metadata",46,3
585,2017-05-05 10:50:58.739084+00:00,"[4, 2, 3, 1]",2,1,126,60,186,5,3,8,"[1, 2, 3, 5, 6]","[1, 4, 5]","id: 476, experienced: True, age: 46","id: 2, title: Building geometry and metadata",46,2
728,2017-05-07 18:09:28.100199+00:00,"[4, 2, 3, 1]",2,1,147,119,266,6,5,11,"[1, 2, 3, 4, 5, 6]","[1, 3, 4, 5, 6]","id: 563, experienced: True, age: 46","id: 2, title: Building geometry and metadata",46,2
729,2017-05-07 18:14:44.683951+00:00,"[4, 2, 3, 1]",3,2,156,85,241,6,4,10,"[15, 16, 17, 18, 19, 20]","[15, 18, 19, 20]","id: 563, experienced: True, age: 46","id: 3, title: Building geometry and metadata",46,3
326,2017-05-03 16:21:57.847912+00:00,"[4, 2, 1, 3]",3,3,285,61,346,6,5,11,"[15, 16, 17, 18, 19, 20]","[15, 16, 17, 18, 19]","id: 306, experienced: True, age: 46","id: 3, title: Building geometry and metadata",46,3
325,2017-05-03 16:15:45.786793+00:00,"[4, 2, 1, 3]",1,2,163,73,236,6,6,12,"[1, 2, 3, 4, 5, 6]","[1, 2, 3, 4, 5, 6]","id: 306, experienced: True, age: 46","id: 1, title: Building geometry and metadata",46,1
324,2017-05-03 16:11:03.600636+00:00,"[4, 2, 1, 3]",2,1,204,84,288,6,6,12,"[9, 10, 11, 12, 13, 14]","[9, 10, 11, 12, 13, 14]","id: 306, experienced: True, age: 46","id: 2, title: Building geometry and metadata",46,2
342,2017-05-03 17:48:05.162682+00:00,"[4, 3, 1, 2]",3,1,107,166,273,3,4,7,"[10, 13, 14]","[9, 10, 13, 14]","id: 341, experienced: True, age: 47","id: 3, title: Building geometry and metadata",47,3
493,2017-05-04 19:17:01.570303+00:00,"[4, 3, 2, 1]",3,1,164,125,289,6,5,11,"[1, 2, 3, 4, 5, 6]","[1, 2, 3, 4, 5]","id: 446, experienced: True, age: 47","id: 3, title: Building geometry and metadata",47,3
739,2017-05-08 05:58:49.121903+00:00,"[4, 3, 2, 1]",3,1,118,74,192,1,3,4,[16],"[15, 18, 19]","id: 569, experienced: False, age: 47","id: 3, title: Building geometry and metadata",47,3
740,2017-05-08 06:01:30.646521+00:00,"[4, 3, 2, 1]",2,2,91,51,142,5,4,9,"[1, 2, 3, 5, 6]","[1, 2, 4, 5]","id: 569, experienced: False, age: 47","id: 2, title: Building geometry and metadata",47,2
741,2017-05-08 06:04:00.269934+00:00,"[4, 3, 2, 1]",1,3,65,48,113,3,3,6,"[10, 12, 14]","[9, 12, 13]","id: 569, experienced: False, age: 47","id: 1, title: Building geometry and metadata",47,1
346,2017-05-03 17:58:07.767884+00:00,"[4, 3, 1, 2]",2,3,146,163,309,5,4,9,"[2, 3, 4, 5, 6]","[1, 4, 5, 6]","id: 341, experienced: True, age: 47","id: 2, title: Building geometry and metadata",47,2
344,2017-05-03 17:52:24.943530+00:00,"[4, 3, 1, 2]",1,2,83,122,205,5,3,8,"[15, 16, 17, 19, 20]","[17, 18, 20]","id: 341, experienced: True, age: 47","id: 1, title: Building geometry and metadata",47,1
270,2017-05-03 11:39:25.941442+00:00,"[4, 3, 1, 2]",1,2,92,66,158,5,5,10,"[15, 16, 17, 19, 20]","[15, 16, 18, 19, 20]","id: 265, experienced: True, age: 49","id: 1, title: Building geometry and metadata",49,1
266,2017-05-03 11:33:54.989499+00:00,"[4, 3, 1, 2]",3,1,132,50,182,6,5,11,"[1, 2, 3, 4, 5, 6]","[1, 2, 3, 4, 5]","id: 265, experienced: True, age: 49","id: 3, title: Building geometry and metadata",49,3
272,2017-05-03 11:42:14.161811+00:00,"[4, 3, 1, 2]",2,3,101,39,140,6,6,12,"[9, 10, 11, 12, 13, 14]","[9, 10, 11, 12, 13, 14]","id: 265, experienced: True, age: 49","id: 2, title: Building geometry and metadata",49,2
600,2017-05-05 11:00:18.399701+00:00,"[4, 2, 3, 1]",2,1,117,73,190,6,5,11,"[1, 2, 3, 4, 5, 6]","[1, 2, 3, 4, 5]","id: 490, experienced: False, age: 50","id: 2, title: Building geometry and metadata",50,2
610,2017-05-05 11:07:26.837882+00:00,"[4, 2, 3, 1]",1,3,75,58,133,6,6,12,"[15, 16, 17, 18, 19, 20]","[15, 16, 17, 18, 19, 20]","id: 490, experienced: False, age: 50","id: 1, title: Building geometry and metadata",50,1
606,2017-05-05 11:04:20.682931+00:00,"[4, 2, 3, 1]",3,2,148,62,210,5,5,10,"[9, 10, 12, 13, 14]","[9, 10, 12, 13, 14]","id: 490, experienced: False, age: 50","id: 3, title: Building geometry and metadata",50,3
801,2017-05-08 19:58:44.077850+00:00,"[4, 2, 1, 3]",3,3,106,133,239,5,4,9,"[10, 11, 12, 13, 14]","[9, 12, 13, 14]","id: 594, experienced: True, age: 50","id: 3, title: Building geometry and metadata",50,3
800,2017-05-08 19:54:19.149492+00:00,"[4, 2, 1, 3]",1,2,87,71,158,6,4,10,"[1, 2, 3, 4, 5, 6]","[1, 2, 4, 5]","id: 594, experienced: True, age: 50","id: 1, title: Building geometry and metadata",50,1
799,2017-05-08 19:51:01.674382+00:00,"[4, 2, 1, 3]",2,1,92,125,217,5,4,9,"[15, 16, 17, 18, 19]","[15, 17, 18, 20]","id: 594, experienced: True, age: 50","id: 2, title: Building geometry and metadata",50,2
312,2017-05-03 15:13:34.562605+00:00,"[4, 2, 3, 1]",1,3,100,37,137,5,4,9,"[2, 3, 4, 5, 6]","[1, 2, 3, 4]","id: 295, experienced: False, age: 50","id: 1, title: Building geometry and metadata",50,1
308,2017-05-03 15:10:41.786423+00:00,"[4, 2, 3, 1]",3,2,114,76,190,6,5,11,"[9, 10, 11, 12, 13, 14]","[9, 10, 11, 12, 14]","id: 295, experienced: False, age: 50","id: 3, title: Building geometry and metadata",50,3
305,2017-05-03 15:07:12.986432+00:00,"[4, 2, 3, 1]",2,1,114,87,201,5,4,9,"[15, 16, 17, 18, 19]","[15, 17, 18, 19]","id: 295, experienced: False, age: 50","id: 2, title: Building geometry and metadata",50,2
519,2017-05-05 07:11:51.130851+00:00,"[4, 3, 2, 1]",3,1,112,88,200,4,5,9,"[10, 11, 12, 13]","[9, 10, 12, 13, 14]","id: 453, experienced: True, age: 51","id: 3, title: Building geometry and metadata",51,3
526,2017-05-05 07:37:11.983314+00:00,"[4, 3, 1, 2]",1,2,38,66,104,2,5,7,"[15, 16]","[15, 16, 17, 18, 20]","id: 459, experienced: True, age: 51","id: 1, title: Building geometry and metadata",51,1
528,2017-05-05 07:39:39.615576+00:00,"[4, 3, 1, 2]",2,3,39,90,129,2,3,5,"[2, 3]","[1, 4, 6]","id: 459, experienced: True, age: 51","id: 2, title: Building geometry and metadata",51,2
520,2017-05-05 07:17:52.525704+00:00,"[4, 3, 2, 1]",2,2,272,69,341,5,4,9,"[15, 16, 17, 19, 20]","[15, 18, 19, 20]","id: 453, experienced: True, age: 51","id: 2, title: Building geometry and metadata",51,2
521,2017-05-05 07:21:12.513563+00:00,"[4, 3, 2, 1]",1,3,105,57,162,5,6,11,"[2, 3, 4, 5, 6]","[1, 2, 3, 4, 5, 6]","id: 453, experienced: True, age: 51","id: 1, title: Building geometry and metadata",51,1
524,2017-05-05 07:34:48.459047+00:00,"[4, 3, 1, 2]",3,1,37,63,100,5,3,8,"[9, 10, 11, 12, 13]","[9, 13, 14]","id: 459, experienced: True, age: 51","id: 3, title: Building geometry and metadata",51,3
430,2017-05-04 09:07:58.316356+00:00,"[4, 1, 2, 3]",2,2,100,101,201,4,5,9,"[10, 11, 12, 14]","[9, 10, 12, 13, 14]","id: 413, experienced: False, age: 52","id: 2, title: Building geometry and metadata",52,2
431,2017-05-04 09:10:46.239646+00:00,"[4, 1, 2, 3]",3,3,120,34,154,6,4,10,"[1, 2, 3, 4, 5, 6]","[1, 2, 3, 4]","id: 413, experienced: False, age: 52","id: 3, title: Building geometry and metadata",52,3
548,2017-05-05 08:28:03.608795+00:00,"[4, 3, 2, 1]",3,1,224,528,752,6,4,10,"[9, 10, 11, 12, 13, 14]","[9, 12, 13, 14]","id: 466, experienced: True, age: 52","id: 3, title: Building geometry and metadata",52,3
550,2017-05-05 08:42:18.208324+00:00,"[4, 3, 2, 1]",1,3,177,105,282,6,5,11,"[1, 2, 3, 4, 5, 6]","[1, 2, 4, 5, 6]","id: 466, experienced: True, age: 52","id: 1, title: Building geometry and metadata",52,1
774,2017-05-08 10:27:38.242382+00:00,"[4, 3, 2, 1]",3,1,208,78,286,6,6,12,"[1, 2, 3, 4, 5, 6]","[1, 2, 3, 4, 5, 6]","id: 589, experienced: True, age: 52","id: 3, title: Building geometry and metadata",52,3
549,2017-05-05 08:36:31.371485+00:00,"[4, 3, 2, 1]",2,2,180,236,416,6,4,10,"[15, 16, 17, 18, 19, 20]","[15, 18, 19, 20]","id: 466, experienced: True, age: 52","id: 2, title: Building geometry and metadata",52,2
776,2017-05-08 10:30:27.489030+00:00,"[4, 3, 2, 1]",2,2,92,54,146,5,6,11,"[15, 16, 17, 18, 19]","[15, 16, 17, 18, 19, 20]","id: 589, experienced: True, age: 52","id: 2, title: Building geometry and metadata",52,2
406,2017-05-03 22:20:25.795877+00:00,"[4, 2, 1, 3]",2,1,139,138,277,5,2,7,"[9, 10, 11, 12, 14]","[10, 12]","id: 399, experienced: False, age: 52","id: 2, title: Building geometry and metadata",52,2
777,2017-05-08 10:33:16.535606+00:00,"[4, 3, 2, 1]",1,3,90,40,130,5,6,11,"[10, 11, 12, 13, 14]","[9, 10, 11, 12, 13, 14]","id: 589, experienced: True, age: 52","id: 1, title: Building geometry and metadata",52,1
407,2017-05-03 22:24:04.188548+00:00,"[4, 2, 1, 3]",1,2,107,58,165,5,5,10,"[15, 17, 18, 19, 20]","[15, 16, 17, 18, 20]","id: 399, experienced: False, age: 52","id: 1, title: Building geometry and metadata",52,1
429,2017-05-04 09:04:07.439341+00:00,"[4, 1, 2, 3]",1,1,349,138,487,5,4,9,"[15, 16, 17, 19, 20]","[15, 17, 18, 19]","id: 413, experienced: False, age: 52","id: 1, title: Building geometry and metadata",52,1
609,2017-05-05 11:07:19.826576+00:00,"[4, 1, 2, 3]",3,3,113,53,166,6,4,10,"[15, 16, 17, 18, 19, 20]","[15, 17, 18, 20]","id: 493, experienced: False, age: 53","id: 3, title: Building geometry and metadata",53,3
601,2017-05-05 11:00:43.929286+00:00,"[4, 1, 2, 3]",1,1,128,51,179,5,5,10,"[9, 10, 11, 12, 14]","[9, 10, 12, 13, 14]","id: 493, experienced: False, age: 53","id: 1, title: Building geometry and metadata",53,1
605,2017-05-05 11:04:18.252776+00:00,"[4, 1, 2, 3]",2,2,141,54,195,6,5,11,"[1, 2, 3, 4, 5, 6]","[1, 2, 3, 4, 5]","id: 493, experienced: False, age: 53","id: 2, title: Building geometry and metadata",53,2
456,2017-05-04 11:41:28.649397+00:00,"[4, 2, 3, 1]",1,3,111,78,189,5,4,9,"[15, 16, 17, 18, 19]","[17, 18, 19, 20]","id: 425, experienced: False, age: 53","id: 1, title: Building geometry and metadata",53,1
454,2017-05-04 11:37:35.736728+00:00,"[4, 2, 3, 1]",3,2,112,64,176,4,5,9,"[11, 12, 13, 14]","[9, 10, 12, 13, 14]","id: 425, experienced: False, age: 53","id: 3, title: Building geometry and metadata",53,3
453,2017-05-04 11:34:19.725524+00:00,"[4, 2, 3, 1]",2,1,121,65,186,5,5,10,"[1, 3, 4, 5, 6]","[1, 2, 3, 4, 5]","id: 425, experienced: False, age: 53","id: 2, title: Building geometry and metadata",53,2
603,2017-05-05 11:01:54.218172+00:00,"[4, 3, 1, 2]",2,3,166,83,249,4,4,8,"[10, 11, 12, 14]","[9, 10, 12, 13]","id: 478, experienced: True, age: 54","id: 2, title: Building geometry and metadata",54,2
234,2017-05-03 09:16:13.243865+00:00,"[4, 3, 1, 2]",2,3,223,49,272,5,6,11,"[1, 2, 3, 5, 6]","[1, 2, 3, 4, 5, 6]","id: 243, experienced: False, age: 54","id: 2, title: Building geometry and metadata",54,2
586,2017-05-05 10:51:27.798926+00:00,"[4, 3, 1, 2]",3,1,417,241,658,5,5,10,"[1, 2, 3, 5, 6]","[1, 2, 3, 4, 5]","id: 478, experienced: True, age: 54","id: 3, title: Building geometry and metadata",54,3
296,2017-05-03 14:01:27.578499+00:00,"[4, 2, 3, 1]",3,2,190,96,286,6,3,9,"[9, 10, 11, 12, 13, 14]","[9, 13, 14]","id: 283, experienced: True, age: 54","id: 3, title: Building geometry and metadata",54,3
597,2017-05-05 10:57:17.179594+00:00,"[4, 3, 1, 2]",1,2,170,125,295,5,6,11,"[15, 16, 17, 19, 20]","[15, 16, 17, 18, 19, 20]","id: 478, experienced: True, age: 54","id: 1, title: Building geometry and metadata",54,1
298,2017-05-03 14:05:25.302247+00:00,"[4, 2, 3, 1]",1,3,146,49,195,6,4,10,"[1, 2, 3, 4, 5, 6]","[1, 2, 3, 4]","id: 283, experienced: True, age: 54","id: 1, title: Building geometry and metadata",54,1
231,2017-05-03 09:11:14.945916+00:00,"[4, 3, 1, 2]",1,2,167,81,248,4,6,10,"[10, 11, 12, 14]","[9, 10, 11, 12, 13, 14]","id: 243, experienced: False, age: 54","id: 1, title: Building geometry and metadata",54,1
292,2017-05-03 13:56:16.154718+00:00,"[4, 2, 3, 1]",2,1,163,188,351,6,4,10,"[15, 16, 17, 18, 19, 20]","[15, 17, 18, 19]","id: 283, experienced: True, age: 54","id: 2, title: Building geometry and metadata",54,2
230,2017-05-03 09:06:22.164257+00:00,"[4, 3, 1, 2]",3,1,253,97,350,5,5,10,"[15, 16, 17, 19, 20]","[15, 17, 18, 19, 20]","id: 243, experienced: False, age: 54","id: 3, title: Building geometry and metadata",54,3
708,2017-05-07 07:46:39.905579+00:00,"[4, 1, 2, 3]",1,1,327,330,657,3,4,7,"[17, 18, 19]","[17, 18, 19, 20]","id: 556, experienced: True, age: 54","id: 1, title: Building geometry and metadata",54,1
709,2017-05-07 07:55:33.668305+00:00,"[4, 1, 2, 3]",2,2,333,159,492,6,2,8,"[9, 10, 11, 12, 13, 14]","[9, 13]","id: 556, experienced: True, age: 54","id: 2, title: Building geometry and metadata",54,2
710,2017-05-07 08:03:53.039711+00:00,"[4, 1, 2, 3]",3,3,277,186,463,5,2,7,"[2, 3, 4, 5, 6]","[1, 2]","id: 556, experienced: True, age: 54","id: 3, title: Building geometry and metadata",54,3
489,2017-05-04 16:10:29.218311+00:00,"[4, 2, 1, 3]",2,1,118,73,191,5,4,9,"[9, 10, 11, 12, 14]","[10, 11, 12, 14]","id: 443, experienced: True, age: 56","id: 2, title: Building geometry and metadata",56,2
490,2017-05-04 16:14:15.061652+00:00,"[4, 2, 1, 3]",1,2,129,61,190,5,4,9,"[2, 3, 4, 5, 6]","[2, 3, 5, 6]","id: 443, experienced: True, age: 56","id: 1, title: Building geometry and metadata",56,1
491,2017-05-04 16:18:06.543575+00:00,"[4, 2, 1, 3]",3,3,175,40,215,5,4,9,"[15, 16, 17, 19, 20]","[15, 16, 17, 19]","id: 443, experienced: True, age: 56","id: 3, title: Building geometry and metadata",56,3
621,2017-05-05 12:25:31.882554+00:00,"[4, 2, 1, 3]",2,1,140,247,387,5,6,11,"[15, 16, 17, 18, 19]","[15, 16, 17, 18, 19, 20]","id: 508, experienced: False, age: 58","id: 2, title: Building geometry and metadata",58,2
623,2017-05-05 12:36:43.327825+00:00,"[4, 2, 1, 3]",3,3,113,331,444,6,6,12,"[9, 10, 11, 12, 13, 14]","[9, 10, 11, 12, 13, 14]","id: 508, experienced: False, age: 58","id: 3, title: Building geometry and metadata",58,3
622,2017-05-05 12:29:02.971003+00:00,"[4, 2, 1, 3]",1,2,111,58,169,5,6,11,"[2, 3, 4, 5, 6]","[1, 2, 3, 4, 5, 6]","id: 508, experienced: False, age: 58","id: 1, title: Building geometry and metadata",58,1
